insert into acc_gl_journal_entry (id,account_id,office_id,reversal_id,currency_code,transaction_id,loan_transaction_id,savings_transaction_id,client_transaction_id,reversed,ref_num,manual_entry,entry_date,type_enum,amount,description,entity_type_enum,entity_id,createdby_id,lastmodifiedby_id,created_date,lastmodified_date,is_running_balance_calculated,office_running_balance,organization_running_balance,payment_details_id) values
('1','1','1',NULL,'INR','898a97943333',NULL,NULL,NULL,'0',NULL,'1','2017-08-01','2','1330.000000',NULL,NULL,NULL,'1','1','2017-08-01 15:00:00','2017-08-01 15:00:00','0','0.000000','0.000000',Null),
('2','2','1',NULL,'INR','898a97943343',NULL,NULL,NULL,'0',NULL,'1','2017-08-01','2','1530.000000',NULL,NULL,NULL,'1','1','2017-08-01 15:00:00','2017-08-01 15:00:00','0','0.000000','0.000000',Null),
('3','3','1',NULL,'INR','898a97943543',NULL,NULL,NULL,'0',NULL,'1','2017-08-01','2','1350.000000',NULL,NULL,NULL,'1','1','2017-08-01 15:00:00','2017-08-01 15:00:00','0','0.000000','0.000000',Null),
('4','4','1',NULL,'INR','898a97941341',NULL,NULL,NULL,'0',NULL,'1','2017-08-01','2','1290.000000',NULL,NULL,NULL,'1','1','2017-08-01 15:00:00','2017-08-01 15:00:00','0','0.000000','0.000000',Null),
('5','5','1',NULL,'INR','898a57243343',NULL,NULL,NULL,'0',NULL,'1','2017-08-01','2','500.000000',NULL,NULL,NULL,'1','1','2017-08-01 15:00:00','2017-08-01 15:00:00','0','0.000000','0.000000',Null),
('6','1','1',NULL,'INR','599a97943343',NULL,NULL,NULL,'0',NULL,'1','2017-08-01','2','1350.000000',NULL,NULL,NULL,'1','1','2017-08-01 15:00:00','2017-08-01 15:00:00','0','0.000000','0.000000',Null),
('7','2','1',NULL,'INR','900a97943343',NULL,NULL,NULL,'0',NULL,'1','2017-08-01','2','1290.000000',NULL,NULL,NULL,'1','1','2017-08-01 15:00:00','2017-08-01 15:00:00','0','0.000000','0.000000',Null),
('8','3','1',NULL,'INR','898a92913143',NULL,NULL,NULL,'0',NULL,'1','2017-08-01','2','1550.000000',NULL,NULL,NULL,'1','1','2017-08-01 15:00:00','2017-08-01 15:00:00','0','0.000000','0.000000',Null),
('9','4','1',NULL,'INR','898a96543343',NULL,NULL,NULL,'0',NULL,'1','2017-08-01','2','1310.000000',NULL,NULL,NULL,'1','1','2017-08-01 15:00:00','2017-08-01 15:00:00','0','0.000000','0.000000',Null),
('10','5','1',NULL,'INR','898a97947323',NULL,NULL,NULL,'0',NULL,'1','2017-08-01','2','500.000000',NULL,NULL,NULL,'1','1','2017-08-01 15:00:00','2017-08-01 15:00:00','0','0.000000','0.000000',Null),
('11','1','1',NULL,'INR','898a97632043',NULL,NULL,NULL,'0',NULL,'1','2017-08-01','2','1110.000000',NULL,NULL,NULL,'1','1','2017-08-01 15:00:00','2017-08-01 15:00:00','0','0.000000','0.000000',Null),
('12','2','1',NULL,'INR','900a97975443',NULL,NULL,NULL,'0',NULL,'1','2017-08-01','2','1780.000000',NULL,NULL,NULL,'1','1','2017-08-01 15:00:00','2017-08-01 15:00:00','0','0.000000','0.000000',Null),
('13','3','1',NULL,'INR','898a93942043',NULL,NULL,NULL,'0',NULL,'1','2017-08-01','2','1250.000000',NULL,NULL,NULL,'1','1','2017-08-01 15:00:00','2017-08-01 15:00:00','0','0.000000','0.000000',Null),
('14','4','1',NULL,'INR','898a97432843',NULL,NULL,NULL,'0',NULL,'1','2017-08-01','2','1360.000000',NULL,NULL,NULL,'1','1','2017-08-01 15:00:00','2017-08-01 15:00:00','0','0.000000','0.000000',Null),
('15','5','1',NULL,'INR','900a97947453',NULL,NULL,NULL,'0',NULL,'1','2017-08-01','2','500.000000',NULL,NULL,NULL,'1','1','2017-08-01 15:00:00','2017-08-01 15:00:00','0','0.000000','0.000000',Null),
('16','6','1',NULL,'INR','898a99043343',NULL,NULL,NULL,'0',NULL,'1','2017-08-02','2','500.000000',NULL,NULL,NULL,'1','1','2017-08-02 16:54:48','2017-08-02 16:54:48','0','0.000000','0.000000',Null),
('17','7','1',NULL,'INR','898a97949755',NULL,NULL,NULL,'0',NULL,'1','2017-08-22','2','230.000000',NULL,NULL,NULL,'1','1','2017-08-22 17:16:50','2017-08-22 17:16:50','0','0.000000','0.000000',Null),
('18','8','1',NULL,'INR','900a90965343',NULL,NULL,NULL,'0',NULL,'1','2017-08-12','2','143.000000',NULL,NULL,NULL,'1','1','2017-08-12 18:03:09','2017-08-12 18:03:09','0','0.000000','0.000000',Null),
('19','9','1',NULL,'INR','898a97643907',NULL,NULL,NULL,'0',NULL,'1','2017-08-05','2','1000.000000',NULL,NULL,NULL,'1','1','2017-08-05 03:16:33','2017-08-05 03:16:33','0','0.000000','0.000000',Null),
('20','10','1',NULL,'INR','898a65398543',NULL,NULL,NULL,'0',NULL,'1','2017-08-26','2','570.000000',NULL,NULL,NULL,'1','1','2017-08-26 07:02:12','2017-08-26 07:02:12','0','0.000000','0.000000',Null),
('21','1','1',NULL,'INR','898a65398540',NULL,NULL,NULL,'0',NULL,'1','2017-09-01','2','1330.000000',NULL,NULL,NULL,'1','1','2017-09-01 08:39:47','2017-09-01 08:39:47','0','0.000000','0.000000',Null),
('22','2','1',NULL,'INR','898a65399543',NULL,NULL,NULL,'0',NULL,'1','2017-09-01','2','1530.000000',NULL,NULL,NULL,'1','1','2017-09-01 22:31:52','2017-09-01 22:31:52','0','0.000000','0.000000',Null),
('23','3','1',NULL,'INR','898a65198543',NULL,NULL,NULL,'0',NULL,'1','2017-09-01','2','1350.000000',NULL,NULL,NULL,'1','1','2017-09-01 05:06:28','2017-09-01 05:06:28','0','0.000000','0.000000',Null),
('24','4','1',NULL,'INR','868a65398543',NULL,NULL,NULL,'0',NULL,'1','2017-09-01','2','1290.000000',NULL,NULL,NULL,'1','1','2017-09-01 08:39:47','2017-09-01 08:39:47','0','0.000000','0.000000',Null),
('25','5','1',NULL,'INR','877a65398543',NULL,NULL,NULL,'0',NULL,'1','2017-09-01','2','500.000000',NULL,NULL,NULL,'1','1','2017-09-01 22:31:52','2017-09-01 22:31:52','0','0.000000','0.000000',Null),
('26','1','1',NULL,'INR','898a65398343',NULL,NULL,NULL,'0',NULL,'1','2017-09-01','2','1350.000000',NULL,NULL,NULL,'1','1','2017-09-01 05:06:28','2017-09-01 05:06:28','0','0.000000','0.000000',Null),
('27','2','1',NULL,'INR','898a65392243',NULL,NULL,NULL,'0',NULL,'1','2017-09-01','2','1290.000000',NULL,NULL,NULL,'1','1','2017-09-01 08:39:47','2017-09-01 08:39:47','0','0.000000','0.000000',Null),
('28','3','1',NULL,'INR','898a65393143',NULL,NULL,NULL,'0',NULL,'1','2017-09-01','2','1550.000000',NULL,NULL,NULL,'1','1','2017-09-01 22:31:52','2017-09-01 22:31:52','0','0.000000','0.000000',Null),
('29','4','1',NULL,'INR','898a65345543',NULL,NULL,NULL,'0',NULL,'1','2017-09-01','2','1310.000000',NULL,NULL,NULL,'1','1','2017-09-01 05:06:28','2017-09-01 05:06:28','0','0.000000','0.000000',Null),
('30','5','1',NULL,'INR','898a23398543',NULL,NULL,NULL,'0',NULL,'1','2017-09-01','2','500.000000',NULL,NULL,NULL,'1','1','2017-09-01 08:39:47','2017-09-01 08:39:47','0','0.000000','0.000000',Null),
('31','1','1',NULL,'INR','898a33398543',NULL,NULL,NULL,'0',NULL,'1','2017-09-01','2','1110.000000',NULL,NULL,NULL,'1','1','2017-09-01 22:31:52','2017-09-01 22:31:52','0','0.000000','0.000000',Null),
('32','2','1',NULL,'INR','898a67898543',NULL,NULL,NULL,'0',NULL,'1','2017-09-01','2','1780.000000',NULL,NULL,NULL,'1','1','2017-09-01 05:06:28','2017-09-01 05:06:28','0','0.000000','0.000000',Null),
('33','3','1',NULL,'INR','898a65398453',NULL,NULL,NULL,'0',NULL,'1','2017-09-01','2','1250.000000',NULL,NULL,NULL,'1','1','2017-09-01 08:39:47','2017-09-01 08:39:47','0','0.000000','0.000000',Null),
('34','4','1',NULL,'INR','898a65323543',NULL,NULL,NULL,'0',NULL,'1','2017-09-01','2','1360.000000',NULL,NULL,NULL,'1','1','2017-09-01 22:31:52','2017-09-01 22:31:52','0','0.000000','0.000000',Null),
('35','5','1',NULL,'INR','898a65398453',NULL,NULL,NULL,'0',NULL,'1','2017-09-01','2','500.000000',NULL,NULL,NULL,'1','1','2017-09-01 05:06:28','2017-09-01 05:06:28','0','0.000000','0.000000',Null),
('36','6','1',NULL,'INR','898a65312543',NULL,NULL,NULL,'0',NULL,'1','2017-09-02','2','500.000000',NULL,NULL,NULL,'1','1','2017-09-02 05:39:47"" ",'2017-09-02 05:39:47"" ",'0','0.000000','0.000000',Null),
('37','7','1',NULL,'INR','898a89398543',NULL,NULL,NULL,'0',NULL,'1','2017-09-22','2','230.000000',NULL,NULL,NULL,'1','1','2017-09-22 07:39:47','2017-09-22 07:39:47','0','0.000000','0.000000',Null),
('38','8','1',NULL,'INR','898a65398993',NULL,NULL,NULL,'0',NULL,'1','2017-09-12','2','143.000000',NULL,NULL,NULL,'1','1','2017-09-12 01:39:47','2017-09-12 01:39:47','0','0.000000','0.000000',Null),
('39','9','1',NULL,'INR','898a65392943',NULL,NULL,NULL,'0',NULL,'1','2017-09-05','2','1000.000000',NULL,NULL,NULL,'1','1','2017-09-05 08:30:47','2017-09-05 08:30:47','0','0.000000','0.000000',Null),
('40','10','1',NULL,'INR','898a65300543',NULL,NULL,NULL,'0',NULL,'1','2017-09-26','2','570.000000',NULL,NULL,NULL,'1','1','2017-09-26 01:39:47','2017-09-26 01:39:47','0','0.000000','0.000000',Null),
('41','1','1',NULL,'INR','898a65398543',NULL,NULL,NULL,'0',NULL,'1','2017-10-01','2','1330.000000',NULL,NULL,NULL,'1','1','2017-10-01 02:27:56','2017-10-01 02:27:56','0','0.000000','0.000000',Null),
('42','2','1',NULL,'INR','898a65398544',NULL,NULL,NULL,'0',NULL,'1','2017-10-01','2','1530.000000',NULL,NULL,NULL,'1','1','2017-10-01 16:51:16','2017-10-01 16:51:16','0','0.000000','0.000000',Null),
('43','3','1',NULL,'INR','898a65398546',NULL,NULL,NULL,'0',NULL,'1','2017-10-01','2','1350.000000',NULL,NULL,NULL,'1','1','2017-10-01 02:17:43','2017-10-01 02:17:43','0','0.000000','0.000000',Null),
('44','4','1',NULL,'INR','898a65398542',NULL,NULL,NULL,'0',NULL,'1','2017-10-01','2','1290.000000',NULL,NULL,NULL,'1','1','2017-10-01 02:27:56','2017-10-01 02:27:56','0','0.000000','0.000000',Null),
('45','5','1',NULL,'INR','898a65392543',NULL,NULL,NULL,'0',NULL,'1','2017-10-01','2','500.000000',NULL,NULL,NULL,'1','1','2017-10-01 16:51:16','2017-10-01 16:51:16','0','0.000000','0.000000',Null),
('46','1','1',NULL,'INR','898a65394543',NULL,NULL,NULL,'0',NULL,'1','2017-10-01','2','1350.000000',NULL,NULL,NULL,'1','1','2017-10-01 02:17:43','2017-10-01 02:17:43','0','0.000000','0.000000',Null),
('47','2','1',NULL,'INR','898a65338543',NULL,NULL,NULL,'0',NULL,'1','2017-10-01','2','1290.000000',NULL,NULL,NULL,'1','1','2017-10-01 02:27:56','2017-10-01 02:27:56','0','0.000000','0.000000',Null),
('48','3','1',NULL,'INR','898a63398543',NULL,NULL,NULL,'0',NULL,'1','2017-10-01','2','1550.000000',NULL,NULL,NULL,'1','1','2017-10-01 16:51:16','2017-10-01 16:51:16','0','0.000000','0.000000',Null),
('49','4','1',NULL,'INR','898a65398533',NULL,NULL,NULL,'0',NULL,'1','2017-10-01','2','1310.000000',NULL,NULL,NULL,'1','1','2017-10-01 02:17:43','2017-10-01 02:17:43','0','0.000000','0.000000',Null),
('50','5','1',NULL,'INR','898a65398343',NULL,NULL,NULL,'0',NULL,'1','2017-10-01','2','500.000000',NULL,NULL,NULL,'1','1','2017-10-01 02:27:56','2017-10-01 02:27:56','0','0.000000','0.000000',Null),
('51','1','1',NULL,'INR','894a65398543',NULL,NULL,NULL,'0',NULL,'1','2017-10-01','2','1110.000000',NULL,NULL,NULL,'1','1','2017-10-01 16:51:16','2017-10-01 16:51:16','0','0.000000','0.000000',Null),
('52','2','1',NULL,'INR','838a65398543',NULL,NULL,NULL,'0',NULL,'1','2017-10-01','2','1780.000000',NULL,NULL,NULL,'1','1','2017-10-01 02:17:43','2017-10-01 02:17:43','0','0.000000','0.000000',Null),
('53','3','1',NULL,'INR','818a65398543',NULL,NULL,NULL,'0',NULL,'1','2017-10-01','2','1250.000000',NULL,NULL,NULL,'1','1','2017-10-01 02:27:56','2017-10-01 02:27:56','0','0.000000','0.000000',Null),
('54','4','1',NULL,'INR','198a65398543',NULL,NULL,NULL,'0',NULL,'1','2017-10-01','2','1360.000000',NULL,NULL,NULL,'1','1','2017-10-01 16:51:16','2017-10-01 16:51:16','0','0.000000','0.000000',Null),
('55','5','1',NULL,'INR','598a65398543',NULL,NULL,NULL,'0',NULL,'1','2017-10-01','2','500.000000',NULL,NULL,NULL,'1','1','2017-10-01 02:17:43','2017-10-01 02:17:43','0','0.000000','0.000000',Null),
('56','6','1',NULL,'INR','798a65398543',NULL,NULL,NULL,'0',NULL,'1','2017-10-02','2','500.000000',NULL,NULL,NULL,'1','1','2017-10-02 02:27:56','2017-10-02 02:27:56','0','0.000000','0.000000',Null),
('57','7','1',NULL,'INR','898a64398543',NULL,NULL,NULL,'0',NULL,'1','2017-10-22','2','230.000000',NULL,NULL,NULL,'1','1','2017-10-22 02:27:56','2017-10-22 02:27:56','0','0.000000','0.000000',Null),
('58','8','1',NULL,'INR','898a69398543',NULL,NULL,NULL,'0',NULL,'1','2017-10-12','2','143.000000',NULL,NULL,NULL,'1','1','2017-10-12 02:27:56','2017-10-12 02:27:56','0','0.000000','0.000000',Null),
('59','9','1',NULL,'INR','898a65396543',NULL,NULL,NULL,'0',NULL,'1','2017-10-05','2','1000.000000',NULL,NULL,NULL,'1','1','2017-10-05 02:27:56','2017-10-05 02:27:56','0','0.000000','0.000000',Null),
('60','10','1',NULL,'INR','128a65398543',NULL,NULL,NULL,'0',NULL,'1','2017-10-26','2','570.000000',NULL,NULL,NULL,'1','1','2017-10-26 02:27:56','2017-10-26 02:27:56','0','0.000000','0.000000',Null),
('61','1','1',NULL,'INR','989a97947171',NULL,NULL,NULL,'0',NULL,'1','2017-11-01','2','1330.000000',NULL,NULL,NULL,'1','1','2017-11-01 15:00:00','2017-11-01 15:00:00','0','0.000000','0.000000',Null),
('62','2','1',NULL,'INR','989a97947143',NULL,NULL,NULL,'0',NULL,'1','2017-11-01','2','1530.000000',NULL,NULL,NULL,'1','1','2017-11-01 15:00:00','2017-11-01 15:00:00','0','0.000000','0.000000',Null),
('63','3','1',NULL,'INR','989a97943543',NULL,NULL,NULL,'0',NULL,'1','2017-11-01','2','1350.000000',NULL,NULL,NULL,'1','1','2017-11-01 15:00:00','2017-11-01 15:00:00','0','0.000000','0.000000',Null),
('64','4','1',NULL,'INR','989a97941341',NULL,NULL,NULL,'0',NULL,'1','2017-11-01','2','1290.000000',NULL,NULL,NULL,'1','1','2017-11-01 15:00:00','2017-11-01 15:00:00','0','0.000000','0.000000',Null),
('65','5','1',NULL,'INR','989a57247143',NULL,NULL,NULL,'0',NULL,'1','2017-11-01','2','500.000000',NULL,NULL,NULL,'1','1','2017-11-01 15:00:00','2017-11-01 15:00:00','0','0.000000','0.000000',Null),
('66','1','1',NULL,'INR','599a97947143',NULL,NULL,NULL,'0',NULL,'1','2017-11-01','2','1350.000000',NULL,NULL,NULL,'1','1','2017-11-01 15:00:00','2017-11-01 15:00:00','0','0.000000','0.000000',Null),
('67','2','1',NULL,'INR','900a97947143',NULL,NULL,NULL,'0',NULL,'1','2017-11-01','2','1290.000000',NULL,NULL,NULL,'1','1','2017-11-01 15:00:00','2017-11-01 15:00:00','0','0.000000','0.000000',Null),
('68','3','1',NULL,'INR','989a92913143',NULL,NULL,NULL,'0',NULL,'1','2017-11-01','2','1550.000000',NULL,NULL,NULL,'1','1','2017-11-01 15:00:00','2017-11-01 15:00:00','0','0.000000','0.000000',Null),
('69','4','1',NULL,'INR','989a96547143',NULL,NULL,NULL,'0',NULL,'1','2017-11-01','2','1310.000000',NULL,NULL,NULL,'1','1','2017-11-01 15:00:00','2017-11-01 15:00:00','0','0.000000','0.000000',Null),
('70','5','1',NULL,'INR','989a97947323',NULL,NULL,NULL,'0',NULL,'1','2017-11-01','2','500.000000',NULL,NULL,NULL,'1','1','2017-11-01 15:00:00','2017-11-01 15:00:00','0','0.000000','0.000000',Null),
('71','1','1',NULL,'INR','989a97632043',NULL,NULL,NULL,'0',NULL,'1','2017-11-01','2','1110.000000',NULL,NULL,NULL,'1','1','2017-11-01 15:00:00','2017-11-01 15:00:00','0','0.000000','0.000000',Null),
('72','2','1',NULL,'INR','900a91375403',NULL,NULL,NULL,'0',NULL,'1','2017-11-01','2','1780.000000',NULL,NULL,NULL,'1','1','2017-11-01 15:00:00','2017-11-01 15:00:00','0','0.000000','0.000000',Null),
('73','3','1',NULL,'INR','989a93942043',NULL,NULL,NULL,'0',NULL,'1','2017-11-01','2','1250.000000',NULL,NULL,NULL,'1','1','2017-11-01 15:00:00','2017-11-01 15:00:00','0','0.000000','0.000000',Null),
('74','4','1',NULL,'INR','989a97432843',NULL,NULL,NULL,'0',NULL,'1','2017-11-01','2','1360.000000',NULL,NULL,NULL,'1','1','2017-11-01 15:00:00','2017-11-01 15:00:00','0','0.000000','0.000000',Null),
('75','5','1',NULL,'INR','900a97917353',NULL,NULL,NULL,'0',NULL,'1','2017-11-01','2','500.000000',NULL,NULL,NULL,'1','1','2017-11-01 15:00:00','2017-11-01 15:00:00','0','0.000000','0.000000',Null),
('76','6','1',NULL,'INR','989a99047143',NULL,NULL,NULL,'0',NULL,'1','2017-11-02','2','500.000000',NULL,NULL,NULL,'1','1','2017-11-02 16:54:48','2017-11-02 16:54:48','0','0.000000','0.000000',Null),
('77','7','1',NULL,'INR','989a97949755',NULL,NULL,NULL,'0',NULL,'1','2017-11-22','2','230.000000',NULL,NULL,NULL,'1','1','2017-11-22 17:16:50','2017-11-22 17:16:50','0','0.000000','0.000000',Null),
('78','8','1',NULL,'INR','901a91375343',NULL,NULL,NULL,'0',NULL,'1','2017-11-12','2','143.000000',NULL,NULL,NULL,'1','1','2017-11-12 18:03:09','2017-11-12 18:03:09','0','0.000000','0.000000',Null),
('79','9','1',NULL,'INR','989a97643907',NULL,NULL,NULL,'0',NULL,'1','2017-11-05','2','1000.000000',NULL,NULL,NULL,'1','1','2017-11-05 03:16:33','2017-11-05 03:16:33','0','0.000000','0.000000',Null),
('80','10','1',NULL,'INR','989a65398543',NULL,NULL,NULL,'0',NULL,'1','2017-11-26','2','570.000000',NULL,NULL,NULL,'1','1','2017-11-26 07:02:12','2017-11-26 07:02:12','0','0.000000','0.000000',Null),
('81','11','1',NULL,'INR','989a65098543',NULL,NULL,NULL,'0',NULL,'1','2017-10-01','2','460.000',NULL,NULL,NULL,'1','1','2017-10-01 07:02:12','2017-10-01 07:02:12','0','0.000000','0.000000',Null),
('82','16','1',NULL,'INR','989a65098503',NULL,NULL,NULL,'0',NULL,'1','2017-10-01','2','220.00',NULL,NULL,NULL,'1','1','2017-10-01 07:02:12','2017-10-01 07:02:12','0','0.000000','0.000000',Null),
('83','11','1',NULL,'INR','989a990e7143',NULL,NULL,NULL,'0',NULL,'1','2017-10-02','2','414.00',NULL,NULL,NULL,'1','1','2017-10-02 07:02:12','2017-10-02 07:02:12','0','0.000000','0.000000',Null),
('84','11','1',NULL,'INR','989a990ej143',NULL,NULL,NULL,'0',NULL,'1','2017-10-03','2','368.00',NULL,NULL,NULL,'1','1','2017-10-03 07:02:12','2017-10-03 07:02:12','0','0.000000','0.000000',Null),
('85','15','1',NULL,'INR','989a990ej1a3',NULL,NULL,NULL,'0',NULL,'1','2017-10-03','2','140.00',NULL,NULL,NULL,'1','1','2017-10-03 07:02:12','2017-10-03 07:02:12','0','0.000000','0.000000',Null),
('86','11','1',NULL,'INR','989a99qej1a3',NULL,NULL,NULL,'0',NULL,'1','2017-10-04','2','253.00',NULL,NULL,NULL,'1','1','2017-10-04 07:02:12','2017-10-04 07:02:12','0','0.000000','0.000000',Null),
('87','16','1',NULL,'INR','9s9a99qej1a3',NULL,NULL,NULL,'0',NULL,'1','2017-10-04','2','240.00',NULL,NULL,NULL,'1','1','2017-10-04 07:02:12','2017-10-04 07:02:12','0','0.000000','0.000000',Null),
('88','11','1',NULL,'INR','9s9a99qej1a6',NULL,NULL,NULL,'0',NULL,'1','2017-10-05','2','414.00',NULL,NULL,NULL,'1','1','2017-10-05 07:02:12','2017-10-05 07:02:12','0','0.000000','0.000000',Null),
('89','11','1',NULL,'INR','900a97917352',NULL,NULL,NULL,'0',NULL,'1','2017-10-06','2','230.00',NULL,NULL,NULL,'1','1','2017-10-06 07:02:12','2017-10-06 07:02:12','0','0.000000','0.000000',Null),
('90','15','1',NULL,'INR','900a9791q352',NULL,NULL,NULL,'0',NULL,'1','2017-10-06','2','144.00',NULL,NULL,NULL,'1','1','2017-10-06 07:02:12','2017-10-06 07:02:12','0','0.000000','0.000000',Null),
('91','11','1',NULL,'INR','900a9791q3r2',NULL,NULL,NULL,'0',NULL,'1','2017-10-07','2','276.00',NULL,NULL,NULL,'1','1','2017-10-07 07:02:12','2017-10-07 07:02:12','0','0.000000','0.000000',Null),
('92','16','1',NULL,'INR','900a9791q3r1',NULL,NULL,NULL,'0',NULL,'1','2017-10-07','2','200.00',NULL,NULL,NULL,'1','1','2017-10-07 07:02:12','2017-10-07 07:02:12','0','0.000000','0.000000',Null),
('93','11','1',NULL,'INR','900a9291q3r1',NULL,NULL,NULL,'0',NULL,'1','2017-10-08','2','253.00',NULL,NULL,NULL,'1','1','2017-10-08 07:02:12','2017-10-08 07:02:12','0','0.000000','0.000000',Null),
('94','14','1',NULL,'INR','9w0a9291q3r1',NULL,NULL,NULL,'0',NULL,'1','2017-10-08','2','360.00',NULL,NULL,NULL,'1','1','2017-10-08 07:02:12','2017-10-08 07:02:12','0','0.000000','0.000000',Null),
('95','11','1',NULL,'INR','9w0a92t1q3r1',NULL,NULL,NULL,'0',NULL,'1','2017-10-09','2','230.00',NULL,NULL,NULL,'1','1','2017-10-09 07:02:12','2017-10-09 07:02:12','0','0.000000','0.000000',Null),
('96','15','1',NULL,'INR','8w0a92t1q3r1',NULL,NULL,NULL,'0',NULL,'1','2017-10-09','2','100.00',NULL,NULL,NULL,'1','1','2017-10-09 07:02:12','2017-10-09 07:02:12','0','0.000000','0.000000',Null),
('97','11','1',NULL,'INR','8w0a92t1t3r1',NULL,NULL,NULL,'0',NULL,'1','2017-10-10','2','414.00',NULL,NULL,NULL,'1','1','2017-10-10 07:02:12','2017-10-10 07:02:12','0','0.000000','0.000000',Null),
('98','11','1',NULL,'INR','8w0a92t2t3r1',NULL,NULL,NULL,'0',NULL,'1','2017-10-11','2','345.00',NULL,NULL,NULL,'1','1','2017-10-11 07:02:12','2017-10-11 07:02:12','0','0.000000','0.000000',Null),
('99','16','1',NULL,'INR','8w0a92t4t3r1',NULL,NULL,NULL,'0',NULL,'1','2017-10-11','2','240.00',NULL,NULL,NULL,'1','1','2017-10-11 07:02:12','2017-10-11 07:02:12','0','0.000000','0.000000',Null),
('100','11','1',NULL,'INR','8w0a92t4t3r4',NULL,NULL,NULL,'0',NULL,'1','2017-10-12','2','313.00',NULL,NULL,NULL,'1','1','2017-10-12 07:02:12','2017-10-12 07:02:12','0','0.000000','0.000000',Null),
('101','11','1',NULL,'INR','8w0a93t4t3r4',NULL,NULL,NULL,'0',NULL,'1','2017-10-13','2','253.00',NULL,NULL,NULL,'1','1','2017-10-13 07:02:12','2017-10-13 07:02:12','0','0.000000','0.000000',Null),
('102','15','1',NULL,'INR','9w0a9291u3r1',NULL,NULL,NULL,'0',NULL,'1','2017-10-13','2','112.00',NULL,NULL,NULL,'1','1','2017-10-13 07:02:12','2017-10-13 07:02:12','0','0.000000','0.000000',Null),
('103','11','1',NULL,'INR','900a9b91q3r1',NULL,NULL,NULL,'0',NULL,'1','2017-10-14','2','230.00',NULL,NULL,NULL,'1','1','2017-10-14 07:02:12','2017-10-14 07:02:12','0','0.000000','0.000000',Null),
('104','14','1',NULL,'INR','900a9b91a3r1',NULL,NULL,NULL,'0',NULL,'1','2017-10-14','2','320.00',NULL,NULL,NULL,'1','1','2017-10-14 07:02:12','2017-10-14 07:02:12','0','0.000000','0.000000',Null),
('105','16','1',NULL,'INR','900a9b91a6r1',NULL,NULL,NULL,'0',NULL,'1','2017-10-14','2','160.00',NULL,NULL,NULL,'1','1','2017-10-14 07:02:12','2017-10-14 07:02:12','0','0.000000','0.000000',Null),
('106','11','1',NULL,'INR','900a9b91a6h1',NULL,NULL,NULL,'0',NULL,'1','2017-10-15','2','276.00',NULL,NULL,NULL,'1','1','2017-10-15 07:02:12','2017-10-15 07:02:12','0','0.000000','0.000000',Null),
('107','11','1',NULL,'INR','8w0a92t4t3j4',NULL,NULL,NULL,'0',NULL,'1','2017-10-16','2','414.00',NULL,NULL,NULL,'1','1','2017-10-16 07:02:12','2017-10-16 07:02:12','0','0.000000','0.000000',Null),
('108','15','1',NULL,'INR','8w0a92t4t3j8',NULL,NULL,NULL,'0',NULL,'1','2017-10-16','2','128.00',NULL,NULL,NULL,'1','1','2017-10-16 07:02:12','2017-10-16 07:02:12','0','0.000000','0.000000',Null),
('109','11','1',NULL,'INR','8w0a92t4t3g8',NULL,NULL,NULL,'0',NULL,'1','2017-10-17','2','446.00',NULL,NULL,NULL,'1','1','2017-10-17 07:02:12','2017-10-17 07:02:12','0','0.000000','0.000000',Null),
('110','16','1',NULL,'INR','7w0a92t4t3g8',NULL,NULL,NULL,'0',NULL,'1','2017-10-17','2','140.00',NULL,NULL,NULL,'1','1','2017-10-17 07:02:12','2017-10-17 07:02:12','0','0.000000','0.000000',Null),
('111','11','1',NULL,'INR','7w0a92t4t3e8',NULL,NULL,NULL,'0',NULL,'1','2017-10-18','2','290.00',NULL,NULL,NULL,'1','1','2017-10-18 07:02:12','2017-10-18 07:02:12','0','0.000000','0.000000',Null),
('112','11','1',NULL,'INR','7w0a92t4t3w8',NULL,NULL,NULL,'0',NULL,'1','2017-10-19','2','260.00',NULL,NULL,NULL,'1','1','2017-10-19 07:02:12','2017-10-19 07:02:12','0','0.000000','0.000000',Null),
('113','15','1',NULL,'INR','7w0a92t4r3w8',NULL,NULL,NULL,'0',NULL,'1','2017-10-19','2','100.00',NULL,NULL,NULL,'1','1','2017-10-19 07:02:12','2017-10-19 07:02:12','0','0.000000','0.000000',Null),
('114','11','1',NULL,'INR','6w0a92t4r3w8',NULL,NULL,NULL,'0',NULL,'1','2017-10-20','2','414.00',NULL,NULL,NULL,'1','1','2017-10-20 07:02:12','2017-10-20 07:02:12','0','0.000000','0.000000',Null),
('115','16','1',NULL,'INR','6w0a92t4r3w2',NULL,NULL,NULL,'0',NULL,'1','2017-10-20','2','240.00',NULL,NULL,NULL,'1','1','2017-10-20 07:02:12','2017-10-20 07:02:12','0','0.000000','0.000000',Null),
('116','11','1',NULL,'INR','6w0a92t4r3w6',NULL,NULL,NULL,'0',NULL,'1','2017-10-21','2','258.00',NULL,NULL,NULL,'1','1','2017-10-21 07:02:12','2017-10-21 07:02:12','0','0.000000','0.000000',Null),
('117','14','1',NULL,'INR','6wqa92t4r3w6',NULL,NULL,NULL,'0',NULL,'1','2017-10-21','2','280.00',NULL,NULL,NULL,'1','1','2017-10-21 07:02:12','2017-10-21 07:02:12','0','0.000000','0.000000',Null),
('118','15','1',NULL,'INR','6fqa92t4r3w6',NULL,NULL,NULL,'0',NULL,'1','2017-10-21','2','80.00',NULL,NULL,NULL,'1','1','2017-10-21 07:02:12','2017-10-21 07:02:12','0','0.000000','0.000000',Null),
('119','11','1',NULL,'INR','6fqa92t4r3k6',NULL,NULL,NULL,'0',NULL,'1','2017-10-22','2','253.00',NULL,NULL,NULL,'1','1','2017-10-22 07:02:12','2017-10-22 07:02:12','0','0.000000','0.000000',Null),
('120','11','1',NULL,'INR','4fqa92t4r3k6',NULL,NULL,NULL,'0',NULL,'1','2017-10-23','2','239.00',NULL,NULL,NULL,'1','1','2017-10-23 07:02:12','2017-10-23 07:02:12','0','0.000000','0.000000',Null),
('121','17','1',NULL,'INR','4fqa92t4r3k4',NULL,NULL,NULL,'0',NULL,'1','2017-10-23','2','80.00',NULL,NULL,NULL,'1','1','2017-10-23 07:02:12','2017-10-23 07:02:12','0','0.000000','0.000000',Null),
('122','11','1',NULL,'INR','4fqa92t4r3k8',NULL,NULL,NULL,'0',NULL,'1','2017-10-24','2','276.00',NULL,NULL,NULL,'1','1','2017-10-24 07:02:12','2017-10-24 07:02:12','0','0.000000','0.000000',Null),
('123','11','1',NULL,'INR','4fqa92t4r3h8',NULL,NULL,NULL,'0',NULL,'1','2017-10-25','2','368.00',NULL,NULL,NULL,'1','1','2017-10-25 07:02:12','2017-10-25 07:02:12','0','0.000000','0.000000',Null),
('124','15','1',NULL,'INR','4fqa92t4r3n8',NULL,NULL,NULL,'0',NULL,'1','2017-10-25','2','60.00',NULL,NULL,NULL,'1','1','2017-10-25 07:02:12','2017-10-25 07:02:12','0','0.000000','0.000000',Null),
('125','11','1',NULL,'INR','4fqa92t4r3m8',NULL,NULL,NULL,'0',NULL,'1','2017-10-26','2','253.00',NULL,NULL,NULL,'1','1','2017-10-26 07:02:12','2017-10-26 07:02:12','0','0.000000','0.000000',Null),
('126','16','1',NULL,'INR','4fqa92t4r3o8',NULL,NULL,NULL,'0',NULL,'1','2017-10-26','2','240.00',NULL,NULL,NULL,'1','1','2017-10-26 07:02:12','2017-10-26 07:02:12','0','0.000000','0.000000',Null),
('127','11','1',NULL,'INR','4fqa92t4r3p8',NULL,NULL,NULL,'0',NULL,'1','2017-10-27','2','230.00',NULL,NULL,NULL,'1','1','2017-10-27 07:02:12','2017-10-27 07:02:12','0','0.000000','0.000000',Null),
('128','14','1',NULL,'INR','4fqa92t4r3q8',NULL,NULL,NULL,'0',NULL,'1','2017-10-27','2','400.00',NULL,NULL,NULL,'1','1','2017-10-27 07:02:12','2017-10-27 07:02:12','0','0.000000','0.000000',Null),
('129','16','1',NULL,'INR','3fqa92t4r3q8',NULL,NULL,NULL,'0',NULL,'1','2017-10-27','2','280.00',NULL,NULL,NULL,'1','1','2017-10-27 07:02:12','2017-10-27 07:02:12','0','0.000000','0.000000',Null),
('130','11','1',NULL,'INR','3fqa92t4r3q9',NULL,NULL,NULL,'0',NULL,'1','2017-10-28','2','368.00',NULL,NULL,NULL,'1','1','2017-10-28 07:02:12','2017-10-28 07:02:12','0','0.000000','0.000000',Null),
('131','11','1',NULL,'INR','3fqa92t4r3qq',NULL,NULL,NULL,'0',NULL,'1','2017-10-29','2','230.00',NULL,NULL,NULL,'1','1','2017-10-29 07:02:12','2017-10-28 07:02:12','0','0.000000','0.000000',Null),
('132','11','1',NULL,'INR','3fqa92t4r33q',NULL,NULL,NULL,'0',NULL,'1','2017-10-30','2','322.00',NULL,NULL,NULL,'1','1','2017-10-30 07:02:12','2017-10-30 07:02:12','0','0.000000','0.000000',Null),
('133','15','1',NULL,'INR','2fqa92t4r33q',NULL,NULL,NULL,'0',NULL,'1','2017-10-30','2','80.00',NULL,NULL,NULL,'1','1','2017-10-30 07:02:12','2017-10-30 07:02:12','0','0.000000','0.000000',Null),
('134','11','1',NULL,'INR','2fqa92t4r32q',NULL,NULL,NULL,'0',NULL,'1','2017-11-01','2','576.00',NULL,NULL,NULL,'1','1','2017-11-01 07:02:12','2017-11-01 07:02:12','0','0.000000','0.000000',Null),
('135','16','1',NULL,'INR','2aqa92t4r32q',NULL,NULL,NULL,'0',NULL,'1','2017-11-01','2','320.00',NULL,NULL,NULL,'1','1','2017-11-01 07:02:12','2017-11-01 07:02:12','0','0.000000','0.000000',Null),
('136','11','1',NULL,'INR','2bqa92t4r32q',NULL,NULL,NULL,'0',NULL,'1','2017-11-02','2','528.00',NULL,NULL,NULL,'1','1','2017-11-02 07:02:12','2017-11-02 07:02:12','0','0.000000','0.000000',Null),
('137','12','1',NULL,'INR','2cqa92t4r32q',NULL,NULL,NULL,'0',NULL,'1','2017-11-02','2','624.00',NULL,NULL,NULL,'1','1','2017-11-02 07:02:12','2017-11-02 07:02:12','0','0.000000','0.000000',Null),
('138','11','1',NULL,'INR','2dqa92t4r32q',NULL,NULL,NULL,'0',NULL,'1','2017-11-03','2','552.00',NULL,NULL,NULL,'1','1','2017-11-03 07:02:12','2017-11-03 07:02:12','0','0.000000','0.000000',Null),
('139','15','1',NULL,'INR','2eqa92t4r32q',NULL,NULL,NULL,'0',NULL,'1','2017-11-03','2','504.00',NULL,NULL,NULL,'1','1','2017-11-03 07:02:12','2017-11-03 07:02:12','0','0.000000','0.000000',Null),
('140','11','1',NULL,'INR','2fqa92t4r32q',NULL,NULL,NULL,'0',NULL,'1','2017-11-05','2','480.00',NULL,NULL,NULL,'1','1','2017-11-05 07:02:12','2017-11-05 07:02:12','0','0.000000','0.000000',Null),
('141','17','1',NULL,'INR','2gqa92t4r32q',NULL,NULL,NULL,'0',NULL,'1','2017-11-05','2','520.00',NULL,NULL,NULL,'1','1','2017-11-05 07:02:12','2017-11-05 07:02:12','0','0.000000','0.000000',Null),
('142','11','1',NULL,'INR','2hqa92t4r32q',NULL,NULL,NULL,'0',NULL,'1','2017-11-06','2','600.00',NULL,NULL,NULL,'1','1','2017-11-06 07:02:12','2017-11-06 07:02:12','0','0.000000','0.000000',Null),
('143','15','1',NULL,'INR','2iqa92t4r32q',NULL,NULL,NULL,'0',NULL,'1','2017-11-06','2','200.00',NULL,NULL,NULL,'1','1','2017-11-06 07:02:12','2017-11-06 07:02:12','0','0.000000','0.000000',Null),
('144','11','1',NULL,'INR','2jqa92t4r32q',NULL,NULL,NULL,'0',NULL,'1','2017-11-07','2','576.00',NULL,NULL,NULL,'1','1','2017-11-07 07:02:12','2017-11-07 07:02:12','0','0.000000','0.000000',Null),
('145','16','1',NULL,'INR','2kqa92t4r32q',NULL,NULL,NULL,'0',NULL,'1','2017-11-07','2','500.00',NULL,NULL,NULL,'1','1','2017-11-07 07:02:12','2017-11-07 07:02:12','0','0.000000','0.000000',Null),
('146','11','1',NULL,'INR','2lqa92t4r32q',NULL,NULL,NULL,'0',NULL,'1','2017-11-08','2','504.00',NULL,NULL,NULL,'1','1','2017-11-08 07:02:12','2017-11-08 07:02:12','0','0.000000','0.000000',Null),
('147','14','1',NULL,'INR','2mqa92t4r32q',NULL,NULL,NULL,'0',NULL,'1','2017-11-08','2','624.00',NULL,NULL,NULL,'1','1','2017-11-08 07:02:12','2017-11-08 07:02:12','0','0.000000','0.000000',Null),
('148','11','1',NULL,'INR','2nqa92t4r32q',NULL,NULL,NULL,'0',NULL,'1','2017-11-09','2','552.00',NULL,NULL,NULL,'1','1','2017-11-09 07:02:12','2017-11-09 07:02:12','0','0.000000','0.000000',Null),
('149','15','1',NULL,'INR','2oqa92t4r32q',NULL,NULL,NULL,'0',NULL,'1','2017-11-09','2','416.00',NULL,NULL,NULL,'1','1','2017-11-09 07:02:12','2017-11-09 07:02:12','0','0.000000','0.000000',Null),
('150','11','1',NULL,'INR','2pqa92t4r32q',NULL,NULL,NULL,'0',NULL,'1','2017-11-10','2','480.00',NULL,NULL,NULL,'1','1','2017-11-10 07:02:12','2017-11-10 07:02:12','0','0.000000','0.000000',Null),
('151','11','1',NULL,'INR','2qqa92t4r32q',NULL,NULL,NULL,'0',NULL,'1','2017-11-11','2','600.00',NULL,NULL,NULL,'1','1','2017-11-11 07:02:12','2017-11-11 07:02:12','0','0.000000','0.000000',Null),
('152','16','1',NULL,'INR','2rqa92t4r32q',NULL,NULL,NULL,'0',NULL,'1','2017-11-11','2','280.00',NULL,NULL,NULL,'1','1','2017-11-11 07:02:12','2017-11-11 07:02:12','0','0.000000','0.000000',Null),
('153','11','1',NULL,'INR','2sqa92t4r32q',NULL,NULL,NULL,'0',NULL,'1','2017-11-12','2','576.00',NULL,NULL,NULL,'1','1','2017-11-12 07:02:12','2017-11-12 07:02:12','0','0.000000','0.000000',Null),
('154','11','1',NULL,'INR','2tqa92t4r32q',NULL,NULL,NULL,'0',NULL,'1','2017-11-13','2','480.00',NULL,NULL,NULL,'1','1','2017-11-13 07:02:12','2017-11-13 07:02:12','0','0.000000','0.000000',Null),
('155','15','1',NULL,'INR','2uqa92t4r32q',NULL,NULL,NULL,'0',NULL,'1','2017-11-13','2','260.00',NULL,NULL,NULL,'1','1','2017-11-13 07:02:12','2017-11-13 07:02:12','0','0.000000','0.000000',Null),
('156','11','1',NULL,'INR','2vqa92t4r32q',NULL,NULL,NULL,'0',NULL,'1','2017-11-14','2','552.00',NULL,NULL,NULL,'1','1','2017-11-14 07:02:12','2017-11-14 07:02:12','0','0.000000','0.000000',Null),
('157','14','1',NULL,'INR','2wqa92t4r32q',NULL,NULL,NULL,'0',NULL,'1','2017-11-14','2','468.00',NULL,NULL,NULL,'1','1','2017-11-14 07:02:12','2017-11-14 07:02:12','0','0.000000','0.000000',Null),
('158','16','1',NULL,'INR','2xqa92t4r32q',NULL,NULL,NULL,'0',NULL,'1','2017-11-14','2','520.00',NULL,NULL,NULL,'1','1','2017-11-14 07:02:12','2017-11-14 07:02:12','0','0.000000','0.000000',Null),
('159','11','1',NULL,'INR','2yqa92t4r32q',NULL,NULL,NULL,'0',NULL,'1','2017-11-15','2','528.00',NULL,NULL,NULL,'1','1','2017-11-15 07:02:12','2017-11-15 07:02:12','0','0.000000','0.000000',Null),
('160','11','1',NULL,'INR','2zqa92t4r32q',NULL,NULL,NULL,'0',NULL,'1','2017-11-16','2','600.00',NULL,NULL,NULL,'1','1','2017-11-16 07:02:12','2017-11-16 07:02:12','0','0.000000','0.000000',Null),
('161','15','1',NULL,'INR','3zqa92t4r32q',NULL,NULL,NULL,'0',NULL,'1','2017-11-16','2','168.00',NULL,NULL,NULL,'1','1','2017-11-16 07:02:12','2017-11-16 07:02:12','0','0.000000','0.000000',Null),
('162','18','1',NULL,'INR','4mqa94t4r34q',NULL,NULL,NULL,'0',NULL,'1','2017-11-16','2','104.00',NULL,NULL,NULL,'1','1','2017-11-16 07:02:12','2017-11-16 07:02:12','0','0.000000','0.000000',Null),
('163','11','1',NULL,'INR','4nqa94t4r34q',NULL,NULL,NULL,'0',NULL,'1','2017-11-17','2','480.00',NULL,NULL,NULL,'1','1','2017-11-17 07:02:12','2017-11-17 07:02:12','0','0.000000','0.000000',Null),
('164','16','1',NULL,'INR','4oqa94t4r34q',NULL,NULL,NULL,'0',NULL,'1','2017-11-17','2','320.00',NULL,NULL,NULL,'1','1','2017-11-17 07:02:12','2017-11-17 07:02:12','0','0.000000','0.000000',Null),
('165','11','1',NULL,'INR','4pqa94t4r34q',NULL,NULL,NULL,'0',NULL,'1','2017-11-18','2','600.00',NULL,NULL,NULL,'1','1','2017-11-18 07:02:12','2017-11-18 07:02:12','0','0.000000','0.000000',Null),
('166','11','1',NULL,'INR','4qqa94t4r34q',NULL,NULL,NULL,'0',NULL,'1','2017-11-19','2','528.00',NULL,NULL,NULL,'1','1','2017-11-19 07:02:12','2017-11-19 07:02:12','0','0.000000','0.000000',Null),
('167','15','1',NULL,'INR','4rqa94t4r34q',NULL,NULL,NULL,'0',NULL,'1','2017-11-19','2','240.00',NULL,NULL,NULL,'1','1','2017-11-19 07:02:12','2017-11-19 07:02:12','0','0.000000','0.000000',Null),
('168','11','1',NULL,'INR','4sqa94t4r34q',NULL,NULL,NULL,'0',NULL,'1','2017-11-20','2','528.00',NULL,NULL,NULL,'1','1','2017-11-20 07:02:12','2017-11-20 07:02:12','0','0.000000','0.000000',Null),
('169','16','1',NULL,'INR','4tqa94t4r34q',NULL,NULL,NULL,'0',NULL,'1','2017-11-20','2','400.00',NULL,NULL,NULL,'1','1','2017-11-20 07:02:12','2017-11-20 07:02:12','0','0.000000','0.000000',Null),
('170','14','1',NULL,'INR','4uqa94t4r34q',NULL,NULL,NULL,'0',NULL,'1','2017-11-21','2','780.00',NULL,NULL,NULL,'1','1','2017-11-21 07:02:12','2017-11-21 07:02:12','0','0.000000','0.000000',Null),
('171','15','1',NULL,'INR','4vqa94t4r34q',NULL,NULL,NULL,'0',NULL,'1','2017-11-21','2','200.00',NULL,NULL,NULL,'1','1','2017-11-21 07:02:12','2017-11-21 07:02:12','0','0.000000','0.000000',Null),
('172','11','1',NULL,'INR','4wqa94t4r34q',NULL,NULL,NULL,'0',NULL,'1','2017-11-22','2','576.00',NULL,NULL,NULL,'1','1','2017-11-22 07:02:12','2017-11-22 07:02:12','0','0.000000','0.000000',Null),
('173','11','1',NULL,'INR','4xqa94t4r34q',NULL,NULL,NULL,'0',NULL,'1','2017-11-23','2','576.00',NULL,NULL,NULL,'1','1','2017-11-23 07:02:12','2017-11-23 07:02:12','0','0.000000','0.000000',Null),
('174','16','1',NULL,'INR','4yqa94t4r34q',NULL,NULL,NULL,'0',NULL,'1','2017-11-23','2','520.00',NULL,NULL,NULL,'1','1','2017-11-23 07:02:12','2017-11-23 07:02:12','0','0.000000','0.000000',Null),
('175','11','1',NULL,'INR','4zqa94t4r34q',NULL,NULL,NULL,'0',NULL,'1','2017-11-24','2','528.00',NULL,NULL,NULL,'1','1','2017-11-24 07:02:12','2017-11-24 07:02:12','0','0.000000','0.000000',Null),
('176','11','1',NULL,'INR','5mqa95t5r35q',NULL,NULL,NULL,'0',NULL,'1','2017-11-25','2','576.00',NULL,NULL,NULL,'1','1','2017-11-25 07:02:12','2017-11-25 07:02:12','0','0.000000','0.000000',Null),
('177','15','1',NULL,'INR','5nqa95t5r35q',NULL,NULL,NULL,'0',NULL,'1','2017-11-25','2','140.00',NULL,NULL,NULL,'1','1','2017-11-25 07:02:12','2017-11-25 07:02:12','0','0.000000','0.000000',Null),
('178','11','1',NULL,'INR','5oqa95t5r35q',NULL,NULL,NULL,'0',NULL,'1','2017-11-26','2','552.00',NULL,NULL,NULL,'1','1','2017-11-26 07:02:12','2017-11-26 07:02:12','0','0.000000','0.000000',Null),
('179','16','1',NULL,'INR','5pqa95t5r35q',NULL,NULL,NULL,'0',NULL,'1','2017-11-26','2','360.00',NULL,NULL,NULL,'1','1','2017-11-26 07:02:12','2017-11-26 07:02:12','0','0.000000','0.000000',Null),
('180','11','1',NULL,'INR','5qqa95t5r35q',NULL,NULL,NULL,'0',NULL,'1','2017-11-27','2','504.00',NULL,NULL,NULL,'1','1','2017-11-27 07:02:12','2017-11-27 07:02:12','0','0.000000','0.000000',Null),
('181','14','1',NULL,'INR','5rqa95t5r35q',NULL,NULL,NULL,'0',NULL,'1','2017-11-27','2','260.00',NULL,NULL,NULL,'1','1','2017-11-27 07:02:12','2017-11-27 07:02:12','0','0.000000','0.000000',Null),
('182','16','1',NULL,'INR','5sqa95t5r35q',NULL,NULL,NULL,'0',NULL,'1','2017-11-27','2','400.00',NULL,NULL,NULL,'1','1','2017-11-27 07:02:12','2017-11-27 07:02:12','0','0.000000','0.000000',Null),
('183','11','1',NULL,'INR','5tqa95t5r35q',NULL,NULL,NULL,'0',NULL,'1','2017-11-28','2','480.00',NULL,NULL,NULL,'1','1','2017-11-28 07:02:12','2017-11-28 07:02:12','0','0.000000','0.000000',Null),
('184','11','1',NULL,'INR','5uqa95t5r35q',NULL,NULL,NULL,'0',NULL,'1','2017-11-29','2','552.00',NULL,NULL,NULL,'1','1','2017-11-29 07:02:12','2017-11-29 07:02:12','0','0.000000','0.000000',Null),
('185','11','1',NULL,'INR','5vqa95t5r35q',NULL,NULL,NULL,'0',NULL,'1','2017-11-30','2','600.00',NULL,NULL,NULL,'1','1','2017-11-30 07:02:12','2017-11-30 07:02:12','0','0.000000','0.000000',Null),
('186','15','1',NULL,'INR','5wqa95t5r35q',NULL,NULL,NULL,'0',NULL,'1','2017-11-30','2','120.00',NULL,NULL,NULL,'1','1','2017-11-30 07:02:12','2017-11-30 07:02:12','0','0.000000','0.000000',Null),
('187','11','1',NULL,'INR','5xqa95t5r35q',NULL,NULL,NULL,'0',NULL,'1','2017-11-31','2','480.00',NULL,NULL,NULL,'1','1','2017-11-31 07:02:12','2017-11-31 07:02:12','0','0.000000','0.000000',Null),
('188','11','1',NULL,'INR','5yqa95t5r35q',NULL,NULL,NULL,'0',NULL,'1','2017-12-01','2','547.00',NULL,NULL,NULL,'1','1','2017-12-01 03:00:00','2017-12-01 03:00:00','0','0.000000','0.000000',Null),
('189','16','1',NULL,'INR','5zqa95t5r35q',NULL,NULL,NULL,'0',NULL,'1','2017-12-01','2','250.00',NULL,NULL,NULL,'1','1','2017-12-01 03:00:00','2017-12-01 03:00:00','0','0.000000','0.000000',Null),
('190','11','1',NULL,'INR','6mqa96t6r36q',NULL,NULL,NULL,'0',NULL,'1','2017-12-02','2','547.00',NULL,NULL,NULL,'1','1','2017-12-02 03:00:00','2017-12-02 03:00:00','0','0.000000','0.000000',Null),
('191','11','1',NULL,'INR','6nqa96t6r36q',NULL,NULL,NULL,'0',NULL,'1','2017-12-03','2','274.00',NULL,NULL,NULL,'1','1','2017-12-03 03:00:00','2017-12-03 03:00:00','0','0.000000','0.000000',Null),
('192','15','1',NULL,'INR','6oqa96t6r36q',NULL,NULL,NULL,'0',NULL,'1','2017-12-03','2','100.00',NULL,NULL,NULL,'1','1','2017-12-03 03:00:00','2017-12-03 03:00:00','0','0.000000','0.000000',Null),
('193','11','1',NULL,'INR','6pqa96t6r36q',NULL,NULL,NULL,'0',NULL,'1','2017-12-06','2','547.00',NULL,NULL,NULL,'1','1','2017-12-06 03:00:00','2017-12-06 03:00:00','0','0.000000','0.000000',Null),
('194','15','1',NULL,'INR','6qqa96t6r36q',NULL,NULL,NULL,'0',NULL,'1','2017-12-06','2','200.00',NULL,NULL,NULL,'1','1','2017-12-06 03:00:00','2017-12-06 03:00:00','0','0.000000','0.000000',Null),
('195','16','1',NULL,'INR','6rqa96t6r36q',NULL,NULL,NULL,'0',NULL,'1','2017-12-06','2','250.00',NULL,NULL,NULL,'1','1','2017-12-06 03:00:00','2017-12-06 03:00:00','0','0.000000','0.000000',Null),
('196','11','1',NULL,'INR','6sqa96t6r36q',NULL,NULL,NULL,'0',NULL,'1','2017-12-07','2','547.00',NULL,NULL,NULL,'1','1','2017-12-07 03:00:00','2017-12-07 03:00:00','0','0.000000','0.000000',Null),
('197','16','1',NULL,'INR','6tqa96t6r36q',NULL,NULL,NULL,'0',NULL,'1','2017-12-07','2','350.00',NULL,NULL,NULL,'1','1','2017-12-07 03:00:00','2017-12-07 03:00:00','0','0.000000','0.000000',Null),
('198','11','1',NULL,'INR','6uqa96t6r36q',NULL,NULL,NULL,'0',NULL,'1','2017-12-08','2','274.00',NULL,NULL,NULL,'1','1','2017-12-08 03:00:00','2017-12-08 03:00:00','0','0.000000','0.000000',Null),
('199','14','1',NULL,'INR','6vqa96t6r36q',NULL,NULL,NULL,'0',NULL,'1','2017-12-08','2','600.00',NULL,NULL,NULL,'1','1','2017-12-08 03:00:00','2017-12-08 03:00:00','0','0.000000','0.000000',Null),
('200','11','1',NULL,'INR','6wqa96t6r36q',NULL,NULL,NULL,'0',NULL,'1','2017-12-09','2','547.00',NULL,NULL,NULL,'1','1','2017-12-09 03:00:00','2017-12-09 03:00:00','0','0.000000','0.000000',Null),
('201','15','1',NULL,'INR','6xqa96t6r36q',NULL,NULL,NULL,'0',NULL,'1','2017-12-09','2','120.00',NULL,NULL,NULL,'1','1','2017-12-09 03:00:00','2017-12-09 03:00:00','0','0.000000','0.000000',Null),
('202','11','1',NULL,'INR','6yqa96t6r36q',NULL,NULL,NULL,'0',NULL,'1','2017-12-10','2','274.00',NULL,NULL,NULL,'1','1','2017-12-10 03:00:00','2017-12-10 03:00:00','0','0.000000','0.000000',Null),
('203','11','1',NULL,'INR','6zqa96t6r36q',NULL,NULL,NULL,'0',NULL,'1','2017-12-11','2','547.00',NULL,NULL,NULL,'1','1','2017-12-11 03:00:00','2017-12-11 03:00:00','0','0.000000','0.000000',Null),
('204','16','1',NULL,'INR','7mqa97t7r37q',NULL,NULL,NULL,'0',NULL,'1','2017-12-11','2','250.00',NULL,NULL,NULL,'1','1','2017-12-11 03:00:00','2017-12-11 03:00:00','0','0.000000','0.000000',Null),
('205','11','1',NULL,'INR','7nqa97t7r37q',NULL,NULL,NULL,'0',NULL,'1','2017-12-12','2','547.00',NULL,NULL,NULL,'1','1','2017-12-12 03:00:00','2017-12-12 03:00:00','0','0.000000','0.000000',Null),
('206','11','1',NULL,'INR','7oqa97t7r37q',NULL,NULL,NULL,'0',NULL,'1','2017-12-13','2','547.00',NULL,NULL,NULL,'1','1','2017-12-13 03:00:00','2017-12-13 03:00:00','0','0.000000','0.000000',Null),
('207','15','1',NULL,'INR','7pqa97t7r37q',NULL,NULL,NULL,'0',NULL,'1','2017-12-13','2','200.00',NULL,NULL,NULL,'1','1','2017-12-13 03:00:00','2017-12-13 03:00:00','0','0.000000','0.000000',Null),
('208','11','1',NULL,'INR','7qqa97t7r37q',NULL,NULL,NULL,'0',NULL,'1','2017-12-14','2','274.00',NULL,NULL,NULL,'1','1','2017-12-14 03:00:00','2017-12-14 03:00:00','0','0.000000','0.000000',Null),
('209','14','1',NULL,'INR','7rqa97t7r37q',NULL,NULL,NULL,'0',NULL,'1','2017-12-14','2','480.00',NULL,NULL,NULL,'1','1','2017-12-14 03:00:00','2017-12-14 03:00:00','0','0.000000','0.000000',Null),
('210','16','1',NULL,'INR','7sqa97t7r37q',NULL,NULL,NULL,'0',NULL,'1','2017-12-14','2','250.00',NULL,NULL,NULL,'1','1','2017-12-14 03:00:00','2017-12-14 03:00:00','0','0.000000','0.000000',Null),
('211','11','1',NULL,'INR','7tqa97t7r37q',NULL,NULL,NULL,'0',NULL,'1','2017-12-15','2','547.00',NULL,NULL,NULL,'1','1','2017-12-15 03:00:00','2017-12-15 03:00:00','0','0.000000','0.000000',Null),
('212','11','1',NULL,'INR','7uqa97t7r37q',NULL,NULL,NULL,'0',NULL,'1','2017-12-16','2','547.00',NULL,NULL,NULL,'1','1','2017-12-16 03:00:00','2017-12-16 03:00:00','0','0.000000','0.000000',Null),
('213','15','1',NULL,'INR','7vqa97t7r37q',NULL,NULL,NULL,'0',NULL,'1','2017-12-16','2','100.00',NULL,NULL,NULL,'1','1','2017-12-16 03:00:00','2017-12-16 03:00:00','0','0.000000','0.000000',Null),
('214','11','1',NULL,'INR','7wqa97t7r37q',NULL,NULL,NULL,'0',NULL,'1','2017-12-17','2','274.00',NULL,NULL,NULL,'1','1','2017-12-17 03:00:00','2017-12-17 03:00:00','0','0.000000','0.000000',Null),
('215','16','1',NULL,'INR','7xqa97t7r37q',NULL,NULL,NULL,'0',NULL,'1','2017-12-17','2','275.00',NULL,NULL,NULL,'1','1','2017-12-17 03:00:00','2017-12-17 03:00:00','0','0.000000','0.000000',Null),
('216','11','1',NULL,'INR','7yqa97t7r37q',NULL,NULL,NULL,'0',NULL,'1','2017-12-18','2','547.00',NULL,NULL,NULL,'1','1','2017-12-18 03:00:00','2017-12-18 03:00:00','0','0.000000','0.000000',Null),
('217','11','1',NULL,'INR','7zqa97t7r37q',NULL,NULL,NULL,'0',NULL,'1','2017-12-19','2','547.00',NULL,NULL,NULL,'1','1','2017-12-19 03:00:00','2017-12-19 03:00:00','0','0.000000','0.000000',Null),
('218','15','1',NULL,'INR','8zqa97t7r37q',NULL,NULL,NULL,'0',NULL,'1','2017-12-19','2','200.00',NULL,NULL,NULL,'1','1','2017-12-19 03:00:00','2017-12-19 03:00:00','0','0.000000','0.000000',Null),
('219','11','1',NULL,'INR','9mqa99t9r39q',NULL,NULL,NULL,'0',NULL,'1','2017-12-20','2','274.00',NULL,NULL,NULL,'1','1','2017-12-20 03:00:00','2017-12-20 03:00:00','0','0.000000','0.000000',Null),
('220','16','1',NULL,'INR','9nqa99t9r39q',NULL,NULL,NULL,'0',NULL,'1','2017-12-20','2','250.00',NULL,NULL,NULL,'1','1','2017-12-20 03:00:00','2017-12-20 03:00:00','0','0.000000','0.000000',Null),
('221','14','1',NULL,'INR','9oqa99t9r39q',NULL,NULL,NULL,'0',NULL,'1','2017-12-21','2','600.00',NULL,NULL,NULL,'1','1','2017-12-21 03:00:00','2017-12-21 03:00:00','0','0.000000','0.000000',Null),
('222','15','1',NULL,'INR','9pqa99t9r39q',NULL,NULL,NULL,'0',NULL,'1','2017-12-21','2','80.00',NULL,NULL,NULL,'1','1','2017-12-21 03:00:00','2017-12-21 03:00:00','0','0.000000','0.000000',Null),
('223','11','1',NULL,'INR','9qqa99t9r39q',NULL,NULL,NULL,'0',NULL,'1','2017-12-22','2','547.00',NULL,NULL,NULL,'1','1','2017-12-22 03:00:00','2017-12-22 03:00:00','0','0.000000','0.000000',Null),
('224','11','1',NULL,'INR','9rqa99t9r39q',NULL,NULL,NULL,'0',NULL,'1','2017-12-23','2','547.00',NULL,NULL,NULL,'1','1','2017-12-23 03:00:00','2017-12-23 03:00:00','0','0.000000','0.000000',Null),
('225','16','1',NULL,'INR','9sqa99t9r39q',NULL,NULL,NULL,'0',NULL,'1','2017-12-23','2','300.00',NULL,NULL,NULL,'1','1','2017-12-23 03:00:00','2017-12-23 03:00:00','0','0.000000','0.000000',Null),
('226','11','1',NULL,'INR','9tqa99t9r39q',NULL,NULL,NULL,'0',NULL,'1','2017-12-24','2','547.00',NULL,NULL,NULL,'1','1','2017-12-24 03:00:00','2017-12-24 03:00:00','0','0.000000','0.000000',Null),
('227','11','1',NULL,'INR','9uqa99t9r39q',NULL,NULL,NULL,'0',NULL,'1','2017-12-25','2','547.00',NULL,NULL,NULL,'1','1','2017-12-25 03:00:00','2017-12-25 03:00:00','0','0.000000','0.000000',Null),
('228','15','1',NULL,'INR','9vqa99t9r39q',NULL,NULL,NULL,'0',NULL,'1','2017-12-25','2','120.00',NULL,NULL,NULL,'1','1','2017-12-25 03:00:00','2017-12-25 03:00:00','0','0.000000','0.000000',Null),
('229','11','1',NULL,'INR','9wqa99t9r39q',NULL,NULL,NULL,'0',NULL,'1','2017-12-26','2','274.00',NULL,NULL,NULL,'1','1','2017-12-26 03:00:00','2017-12-26 03:00:00','0','0.000000','0.000000',Null),
('230','16','1',NULL,'INR','9xqa99t9r39q',NULL,NULL,NULL,'0',NULL,'1','2017-12-26','2','250.00',NULL,NULL,NULL,'1','1','2017-12-26 03:00:00','2017-12-26 03:00:00','0','0.000000','0.000000',Null),
('231','11','1',NULL,'INR','9yqa99t9r39q',NULL,NULL,NULL,'0',NULL,'1','2017-12-27','2','547.00',NULL,NULL,NULL,'1','1','2017-12-27 03:00:00','2017-12-27 03:00:00','0','0.000000','0.000000',Null),
('232','14','1',NULL,'INR','9zqa99t9r39q',NULL,NULL,NULL,'0',NULL,'1','2017-12-27','2','560.00',NULL,NULL,NULL,'1','1','2017-12-27 03:00:00','2017-12-27 03:00:00','0','0.000000','0.000000',Null),
('233','16','1',NULL,'INR','0mqa00t0r30q',NULL,NULL,NULL,'0',NULL,'1','2017-12-27','2','250.00',NULL,NULL,NULL,'1','1','2017-12-27 03:00:00','2017-12-27 03:00:00','0','0.000000','0.000000',Null),
('234','11','1',NULL,'INR','0nqa00t0r30q',NULL,NULL,NULL,'0',NULL,'1','2017-12-28','2','547.00',NULL,NULL,NULL,'1','1','2017-12-28 03:00:00','2017-12-28 03:00:00','0','0.000000','0.000000',Null),
('235','11','1',NULL,'INR','0oqa00t0r30q',NULL,NULL,NULL,'0',NULL,'1','2017-12-29','2','547.00',NULL,NULL,NULL,'1','1','2017-12-29 03:00:00','2017-12-29 03:00:00','0','0.000000','0.000000',Null),
('236','11','1',NULL,'INR','0pqa00t0r30q',NULL,NULL,NULL,'0',NULL,'1','2017-12-30','2','547.00',NULL,NULL,NULL,'1','1','2017-12-30 03:00:00','2017-12-30 03:00:00','0','0.000000','0.000000',Null),
('237','15','1',NULL,'INR','0qqa00t0r30q',NULL,NULL,NULL,'0',NULL,'1','2017-12-30','2','200.00',NULL,NULL,NULL,'1','1','2017-12-30 03:00:00','2017-12-30 03:00:00','0','0.000000','0.000000',Null),
('238','1','1',NULL,'INR','0qqa00t0r30r',NULL,NULL,NULL,'0',NULL,'1','2017-10-30','2','9735.00',NULL,NULL,NULL,'1','1','2017-10-30 03:00:00','2017-11-30 03:00:00','0','0.000000','0.000000',Null),
('239','2','1',NULL,'INR','0qqa00t0r30s',NULL,NULL,NULL,'0',NULL,'1','2017-10-30','2','345.00'"",NULL,NULL,NULL,'1','1','2017-10-30 03:00:00','2017-11-30 03:00:00','0','0.000000','0.000000',Null),
('240','3','1',NULL,'INR','0qqa00t0r30t',NULL,NULL,NULL,'0',NULL,'1','2017-10-30','2','990.00',NULL,NULL,NULL,'1','1','2017-10-30 03:00:00','2017-11-30 03:00:00','0','0.000000','0.000000',Null),
('241','4','1',NULL,'INR','0qqa00t0r30u',NULL,NULL,NULL,'0',NULL,'1','2017-10-30','2','2321.00',NULL,NULL,NULL,'1','1','2017-10-30 03:00:00','2017-11-30 03:00:00','0','0.000000','0.000000',Null),
('242','1','1',NULL,'INR','898d97947777',NULL,NULL,NULL,'0',NULL,'1','2017-10-30','2','6793.00',NULL,NULL,NULL,'1','1','2017-10-30 03:00:00','2017-11-30 03:00:00','0','0.000000','0.000000',Null),
('243','2','1',NULL,'INR','898d97947747',NULL,NULL,NULL,'0',NULL,'1','2017-10-30','2','3644.00',NULL,NULL,NULL,'1','1','2017-10-30 03:00:00','2017-11-30 03:00:00','0','0.000000','0.000000',Null),
('244','3','1',NULL,'INR','898d97947547',NULL,NULL,NULL,'0',NULL,'1','2017-10-30','2','1393.00',NULL,NULL,NULL,'1','1','2017-10-30 03:00:00','2017-11-30 03:00:00','0','0.000000','0.000000',Null),
('245','4','1',NULL,'INR','898d97941741',NULL,NULL,NULL,'0',NULL,'1','2017-10-30','2','1920.00',NULL,NULL,NULL,'1','1','2017-10-30 03:00:00','2017-11-30 03:00:00','0','0.000000','0.000000',Null),
('246','1','1',NULL,'INR','898d57247747',NULL,NULL,NULL,'0',NULL,'1','2017-10-30','2','5337.00',NULL,NULL,NULL,'1','1','2017-10-30 03:00:00','2017-11-30 03:00:00','0','0.000000','0.000000',Null),
('247','2','1',NULL,'INR','599d97947747',NULL,NULL,NULL,'0',NULL,'1','2017-10-30','2','1095.00',NULL,NULL,NULL,'1','1','2017-10-30 03:00:00','2017-11-30 03:00:00','0','0.000000','0.000000',Null),
('248','4','1',NULL,'INR','933d97947747',NULL,NULL,NULL,'0',NULL,'1','2017-10-30','2','1318.00',NULL,NULL,NULL,'1','1','2017-10-30 03:00:00','2017-11-30 03:00:00','0','0.000000','0.000000',Null),
('249','1','1',NULL,'INR','898d92917147',NULL,NULL,NULL,'0',NULL,'1','2017-11-30','2','9554.00',NULL,NULL,NULL,'1','1','2017-11-30 03:00:00','2017-11-30 03:00:00','0','0.000000','0.000000',Null),
('250','2','1',NULL,'INR','898d96547747',NULL,NULL,NULL,'0',NULL,'1','2017-11-30','2','3332.00',NULL,NULL,NULL,'1','1','2017-11-30 03:00:00','2017-11-30 03:00:00','0','0.000000','0.000000',Null),
('251','3','1',NULL,'INR','898d97947727',NULL,NULL,NULL,'0',NULL,'1','2017-11-30','2','889.00',NULL,NULL,NULL,'1','1','2017-11-30 03:00:00','2017-11-30 03:00:00','0','0.000000','0.000000',Null),
('252','4','1',NULL,'INR','898d97672347',NULL,NULL,NULL,'0',NULL,'1','2017-11-30','2','2725.00',NULL,NULL,NULL,'1','1','2017-11-30 03:00:00','2017-11-30 03:00:00','0','0.000000','0.000000',Null),
('253','1','1',NULL,'INR','933d97975447',NULL,NULL,NULL,'0',NULL,'1','2017-11-30','2','9469.00',NULL,NULL,NULL,'1','1','2017-11-30 03:00:00','2017-11-30 03:00:00','0','0.000000','0.000000',Null),
('254','2','1',NULL,'INR','898d97942347',NULL,NULL,NULL,'0',NULL,'1','2017-11-30','2','1943.00',NULL,NULL,NULL,'1','1','2017-11-30 03:00:00','2017-11-30 03:00:00','0','0.000000','0.000000',Null),
('255','4','1',NULL,'INR','898d97472847',NULL,NULL,NULL,'0',NULL,'1','2017-11-30','2','2338.00',NULL,NULL,NULL,'1','1','2017-11-30 03:00:00','2017-11-30 03:00:00','0','0.000000','0.000000',Null),
('256','1','1',NULL,'INR','933d97947457',NULL,NULL,NULL,'0',NULL,'1','2017-11-30','2','3829.00',NULL,NULL,NULL,'1','1','2017-11-30 03:00:00','2017-11-30 03:00:00','0','0.000000','0.000000',Null),
('257','2','1',NULL,'INR','898d99347747',NULL,NULL,NULL,'0',NULL,'1','2017-11-30','2','2054.00',NULL,NULL,NULL,'1','1','2017-11-30 03:00:00','2017-11-30 03:00:00','0','0.000000','0.000000',Null),
('258','3','1',NULL,'INR','898d97949755',NULL,NULL,NULL,'0',NULL,'1','2017-11-30','2','785.00',NULL,NULL,NULL,'1','1','2017-11-30 03:00:00','2017-11-30 03:00:00','0','0.000000','0.000000',Null),
('259','4','1',NULL,'INR','933d93965747',NULL,NULL,NULL,'0',NULL,'1','2017-11-30','2','1082.00',NULL,NULL,NULL,'1','1','2017-11-30 03:00:00','2017-11-30 03:00:00','0','0.000000','0.000000',Null),
('260','1','1',NULL,'INR','898d97647937',NULL,NULL,NULL,'0',NULL,'1','2017-12-30','2','9680.00',NULL,NULL,NULL,'1','1','2017-12-30 03:00:00','2017-12-30 03:00:00','0','0.000000','0.000000',Null),
('261','2','1',NULL,'INR','898d65798547',NULL,NULL,NULL,'0',NULL,'1','2017-12-30','2','3438.00',NULL,NULL,NULL,'1','1','2017-12-30 03:00:00','2017-12-30 03:00:00','0','0.000000','0.000000',Null),
('262','3','1',NULL,'INR','898d65798543',NULL,NULL,NULL,'0',NULL,'1','2017-12-30','2','941.00',NULL,NULL,NULL,'1','1','2017-12-30 03:00:00','2017-12-30 03:00:00','0','0.000000','0.000000',Null),
('263','4','1',NULL,'INR','898d65799547',NULL,NULL,NULL,'0',NULL,'1','2017-12-30','2','2442.00',NULL,NULL,NULL,'1','1','2017-12-30 03:00:00','2017-12-30 03:00:00','0','0.000000','0.000000',Null),
('264','1','1',NULL,'INR','898d65198547',NULL,NULL,NULL,'0',NULL,'1','2017-12-30','2','6820.00',NULL,NULL,NULL,'1','1','2017-12-30 03:00:00','2017-12-30 03:00:00','0','0.000000','0.000000',Null),
('265','2','1',NULL,'INR','868d65798547',NULL,NULL,NULL,'0',NULL,'1','2017-12-30','2','3630.00',NULL,NULL,NULL,'1','1','2017-12-30 03:00:00','2017-12-30 03:00:00','0','0.000000','0.000000',Null),
('266','3','1',NULL,'INR','868d6579854w',NULL,NULL,NULL,'0',NULL,'1','2017-12-30','2','1403.00',NULL,NULL,NULL,'1','1','2017-12-30 03:00:00','2017-12-30 03:00:00','0','0.000000','0.000000',Null),
('267','4','1',NULL,'INR','868d6579854f',NULL,NULL,NULL,'0',NULL,'1','2017-12-30','2','1898.00',NULL,NULL,NULL,'1','1','2017-12-30 03:00:00','2017-12-30 03:00:00','0','0.000000','0.000000',Null),
('268','1','1',NULL,'INR','868d6579854h',NULL,NULL,NULL,'0',NULL,'1','2017-12-30','2','5337.00',NULL,NULL,NULL,'1','1','2017-12-30 03:00:00','2017-12-30 03:00:00','0','0.000000','0.000000',Null),
('269','2','1',NULL,'INR','868d6579854b',NULL,NULL,NULL,'0',NULL,'1','2017-12-30','2','1095.00',NULL,NULL,NULL,'1','1','2017-12-30 03:00:00','2017-12-30 03:00:00','0','0.000000','0.000000',Null),
('270','4','1',NULL,'INR','868d6579854x',NULL,NULL,NULL,'0',NULL,'1','2017-12-30','2','1318.00',NULL,NULL,NULL,'1','1','2017-12-30 03:00:00','2017-12-30 03:00:00','0','0.000000','0.000000',Null);