insert into m_loan_transaction(id,loan_id,office_id,payment_detail_id,is_reversed,external_id,transaction_type_enum,transaction_date,amount,principal_portion_derived,interest_portion_derived,fee_charges_portion_derived,penalty_charges_portion_derived,overpayment_portion_derived,unrecognized_income_portion,outstanding_loan_balance_derived,submitted_on_date,manually_adjusted_or_reversed,created_date,appuser_id) values
(1,1,1,NULL,0,NULL,1,'2017-09-01',352100,NULL,NULL,NULL,NULL,NULL,NULL,352100,'2017-09-01',0,'2017-09-01 05:03:24',1),
(2,1,1,NULL,0,NULL,10,'2017-09-01',0,NULL,NULL,NULL,NULL,NULL,NULL,NULL,'2017-09-01',0,'2017-09-01 11:20:43',1),
(3,1,1,NULL,0,NULL,10,'2017-09-01',0,NULL,0,NULL,NULL,NULL,NULL,NULL,'2017-09-01',0,'2017-09-01 18:02:06',1),
(4,1,1,NULL,0,NULL,2,'2017-10-02',27100,27100,NULL,NULL,NULL,NULL,NULL,325000,'2017-10-02',0,'2017-10-02 07:27:07',1),
(5,1,1,NULL,0,NULL,2,'2017-11-01',27100,27100,NULL,NULL,NULL,NULL,NULL,297900,'2017-11-01',0,'2017-11-01 20:36:36',1),
(6,1,1,NULL,0,NULL,2,'2017-12-01',4200,4200,NULL,NULL,NULL,NULL,NULL,293700,'2017-12-01',0,'2017-12-01 13:38:12',1),
(7,2,1,NULL,0,NULL,1,'2017-09-01',325000,NULL,NULL,NULL,NULL,NULL,NULL,325000,'2017-09-01',0,'2017-09-01 05:03:24',1),
(8,2,1,NULL,0,NULL,10,'2017-09-01',0,NULL,NULL,NULL,NULL,NULL,NULL,NULL,'2017-09-01',0,'2017-09-01 11:20:43',1),
(9,2,1,NULL,0,NULL,10,'2017-09-01',0,NULL,0,NULL,NULL,NULL,NULL,NULL,'2017-09-01',0,'2017-09-01 18:02:06',1),
(10,2,1,NULL,0,NULL,2,'2017-10-02',25000,25000,NULL,NULL,NULL,NULL,NULL,300000,'2017-10-02',0,'2017-10-02 07:27:07',1),
(11,2,1,NULL,0,NULL,2,'2017-11-01',25000,25000,NULL,NULL,NULL,NULL,NULL,275000,'2017-11-01',0,'2017-11-01 20:36:36',1),
(12,2,1,NULL,0,NULL,2,'2017-12-01',16700,16700,NULL,NULL,NULL,NULL,NULL,258300,'2017-12-01',0,'2017-12-01 13:38:12',1),
(13,3,1,NULL,0,NULL,1,'2017-09-05',270900,NULL,NULL,NULL,NULL,NULL,NULL,270900,'2017-09-05',0,'2017-09-05 14:17:21',1),
(14,3,1,NULL,0,NULL,10,'2017-09-05',0,NULL,NULL,NULL,NULL,NULL,NULL,NULL,'2017-09-05',0,'2017-09-05 05:25:05',1),
(15,3,1,NULL,0,NULL,10,'2017-09-05',0,NULL,0,NULL,17723500,NULL,NULL,NULL,'2017-09-05',0,'2017-09-05 03:26:26',1),
(16,3,1,NULL,0,NULL,2,'2017-10-02',20900,20900,NULL,NULL,48557.53425,NULL,NULL,250000,'2017-10-02',0,'2017-10-02 14:19:53',1),
(17,3,1,NULL,0,NULL,2,'2017-11-01',250000,250000,NULL,NULL,NULL,NULL,NULL,0,'2017-11-01',0,'2017-11-01 05:37:41',1),
(18,4,1,NULL,0,NULL,1,'2017-09-05',216700,NULL,NULL,NULL,NULL,NULL,NULL,216700,'2017-09-05',0,'2017-09-05 12:59:20',1),
(19,4,1,NULL,0,NULL,10,'2017-09-05',0,NULL,NULL,NULL,NULL,NULL,NULL,NULL,'2017-09-05',0,'2017-09-05 16:55:46',1),
(20,4,1,NULL,0,NULL,10,'2017-09-05',0,NULL,0,NULL,NULL,NULL,NULL,NULL,'2017-09-05',0,'2017-09-05 00:19:07',1),
(21,4,1,NULL,0,NULL,2,'2017-10-02',16700,300,NULL,NULL,NULL,NULL,NULL,200000,'2017-10-02',0,'2017-10-02 12:08:02',1),
(22,4,1,NULL,0,NULL,2,'2017-11-01',16700,300,NULL,NULL,NULL,NULL,NULL,183300,'2017-11-01',0,'2017-11-01 03:16:08',1),
(23,4,1,NULL,0,NULL,2,'2017-12-01',15000,300,NULL,NULL,NULL,NULL,NULL,168300,'2017-12-01',0,'2017-12-01 07:54:38',1),
(24,5,1,NULL,0,NULL,1,'2017-09-22',162500,NULL,NULL,NULL,NULL,NULL,NULL,162500,'2017-09-22',0,'2017-09-22 01:09:01',1),
(25,5,1,NULL,0,NULL,10,'2017-09-22',0,NULL,NULL,NULL,NULL,NULL,NULL,NULL,'2017-09-22',0,'2017-09-22 01:09:01',1),
(26,5,1,NULL,0,NULL,10,'2017-09-22',0,NULL,0,NULL,NULL,NULL,NULL,NULL,'2017-09-22',0,'2017-09-22 01:09:01',1),
(27,5,1,NULL,0,NULL,2,'2017-10-02',12500,12500,NULL,NULL,NULL,NULL,NULL,150000,'2017-10-02',0,'2017-10-02 23:32:59',1),
(28,5,1,NULL,0,NULL,2,'2017-11-01',12500,12500,NULL,NULL,NULL,NULL,NULL,137500,'2017-11-01',0,'2017-11-01 13:10:11',1),
(29,5,1,NULL,0,NULL,2,'2017-12-01',6300,6300,NULL,NULL,NULL,NULL,NULL,131200,'2017-12-01',0,'2017-12-01 16:19:27',1),
(30,6,1,NULL,0,NULL,1,'2017-10-02',175000,NULL,NULL,NULL,NULL,NULL,NULL,175000,'2017-10-02',0,'2017-10-02 08:30:22',1),
(31,6,1,NULL,0,NULL,10,'2017-10-02',0,NULL,NULL,NULL,NULL,NULL,NULL,NULL,'2017-10-02',0,'2017-10-02 08:30:22',1),
(32,6,1,NULL,0,NULL,10,'2017-10-02',0,NULL,0,NULL,NULL,NULL,NULL,NULL,'2017-10-02',0,'2017-10-02 08:30:22',1),
(33,6,1,NULL,0,NULL,2,'2017-11-01',10500,10500,NULL,NULL,NULL,NULL,NULL,164500,'2017-11-01',0,'2017-11-01 00:45:11',1),
(34,6,1,NULL,0,NULL,2,'2017-12-01',10500,10500,NULL,NULL,NULL,NULL,NULL,154000,'2017-12-01',0,'2017-12-01 02:10:54',1),
(35,7,1,NULL,0,NULL,1,'2017-10-07',180000,NULL,NULL,NULL,NULL,NULL,NULL,180000,'2017-10-07',0,'2017-10-07 02:25:26',1),
(36,7,1,NULL,0,NULL,10,'2017-10-07',0,NULL,NULL,NULL,NULL,NULL,NULL,NULL,'2017-10-07',0,'2017-10-07 02:25:26',1),
(37,7,1,NULL,0,NULL,10,'2017-10-07',0,NULL,0,NULL,NULL,NULL,NULL,NULL,'2017-10-07',0,'2017-10-07 02:25:26',1),
(38,7,1,NULL,0,NULL,2,'2017-11-01',15000,15000,NULL,NULL,NULL,NULL,NULL,165000,'2017-11-01',0,'2017-11-01 01:01:20',1),
(39,7,1,NULL,0,NULL,2,'2017-12-01',15000,15000,NULL,NULL,NULL,NULL,NULL,150000,'2017-12-01',0,'2017-12-01 06:15:20',1),
(40,8,1,NULL,0,NULL,1,'2017-10-09',200000,NULL,NULL,NULL,NULL,NULL,NULL,200000,'2017-10-09',0,'2017-10-09 00:46:34',1),
(41,8,1,NULL,0,NULL,10,'2017-10-09',0,NULL,NULL,NULL,NULL,NULL,NULL,NULL,'2017-10-09',0,'2017-10-09 00:46:34',1),
(42,8,1,NULL,0,NULL,10,'2017-10-09',0,NULL,0,NULL,NULL,NULL,NULL,NULL,'2017-10-09',0,'2017-10-09 00:46:34',1),
(43,8,1,NULL,0,NULL,2,'2017-11-01',16700,16700,NULL,NULL,NULL,NULL,NULL,183300,'2017-11-01',0,'2017-11-01 11:40:46',1),
(44,8,1,NULL,0,NULL,2,'2017-12-01',16700,16700,NULL,NULL,NULL,NULL,NULL,166600,'2017-12-01',0,'2017-12-01 15:17:29',1),
(45,9,1,NULL,0,NULL,1,'2017-10-11',250000,NULL,NULL,NULL,NULL,NULL,NULL,250000,'2017-10-11',0,'2017-10-11 01:09:02',1),
(46,9,1,NULL,0,NULL,10,'2017-10-11',0,NULL,NULL,NULL,NULL,NULL,NULL,NULL,'2017-10-11',0,'2017-10-11 01:09:02',1),
(47,9,1,NULL,0,NULL,10,'2017-10-11',0,NULL,0,NULL,NULL,NULL,NULL,NULL,'2017-10-11',0,'2017-10-11 01:09:02',1),
(48,9,1,NULL,0,NULL,2,'2017-11-01',8400,8400,NULL,NULL,NULL,NULL,NULL,241600,'2017-11-01',0,'2017-11-01 18:46:25',1),
(49,9,1,NULL,0,NULL,2,'2017-12-01',8400,8400,NULL,NULL,NULL,NULL,NULL,233200,'2017-12-01',0,'2017-12-01 06:54:00',1),
(50,10,1,NULL,0,NULL,1,'2017-10-12',17000,NULL,NULL,NULL,NULL,NULL,NULL,17000,'2017-10-12',0,'2017-10-12 02:43:45',1),
(51,10,1,NULL,0,NULL,10,'2017-10-12',0,NULL,NULL,NULL,NULL,NULL,NULL,NULL,'2017-10-12',0,'2017-10-12 10:45:55',1),
(52,10,1,NULL,0,NULL,10,'2017-10-12',0,NULL,0,NULL,NULL,NULL,NULL,NULL,'2017-10-12',0,'2017-10-12 13:13:50',1),
(53,10,1,NULL,0,NULL,2,'2017-11-01',4200,4200,NULL,NULL,NULL,NULL,NULL,12800,'2017-11-01',0,'2017-11-01 07:58:17',1),
(54,10,1,NULL,0,NULL,2,'2017-12-01',4200,4200,NULL,NULL,NULL,NULL,NULL,8600,'2017-12-01',0,'2017-12-01 22:11:47',1),
(55,11,1,NULL,0,NULL,1,'2017-10-14',250000,NULL,NULL,NULL,NULL,NULL,NULL,250000,'2017-10-14',0,'2017-10-14 14:46:21',1),
(56,11,1,NULL,0,NULL,10,'2017-10-14',0,NULL,NULL,NULL,NULL,NULL,NULL,NULL,'2017-10-14',0,'2017-10-14 14:46:21',1),
(57,11,1,NULL,0,NULL,10,'2017-10-14',0,NULL,0,NULL,NULL,NULL,NULL,NULL,'2017-10-14',0,'2017-10-14 14:46:21',1),
(58,11,1,NULL,0,NULL,2,'2017-11-01',1500,1500,NULL,NULL,NULL,NULL,NULL,248500,'2017-11-01',0,'2017-11-01 10:58:26',1),
(59,11,1,NULL,0,NULL,2,'2017-12-01',1500,1500,NULL,NULL,NULL,NULL,NULL,247000,'2017-12-01',0,'2017-12-01 17:02:29',1),
(60,12,1,NULL,0,NULL,1,'2017-10-18',200000,NULL,NULL,NULL,NULL,NULL,NULL,200000,'2017-10-18',0,'2017-10-18 02:24:45',1),
(61,12,1,NULL,0,NULL,10,'2017-10-18',0,NULL,NULL,NULL,NULL,NULL,NULL,NULL,'2017-10-18',0,'2017-10-18 02:24:45',1),
(62,12,1,NULL,0,NULL,10,'2017-10-18',0,NULL,0,NULL,NULL,NULL,NULL,NULL,'2017-10-18',0,'2017-10-18 02:24:45',1),
(63,12,1,NULL,0,NULL,2,'2017-11-01',12500,12500,NULL,NULL,NULL,NULL,NULL,187500,'2017-11-01',0,'2017-11-01 21:22:17',1),
(64,12,1,NULL,0,NULL,2,'2017-12-01',12500,12500,NULL,NULL,NULL,NULL,NULL,175000,'2017-12-01',0,'2017-12-01 17:04:14',1),
(65,13,1,NULL,0,NULL,1,'2017-10-22',200000,NULL,NULL,NULL,NULL,NULL,NULL,200000,'2017-10-22',0,'2017-10-22 15:03:25',1),
(66,13,1,NULL,0,NULL,10,'2017-10-22',0,NULL,NULL,NULL,NULL,NULL,NULL,NULL,'2017-10-22',0,'2017-10-22 15:03:25',1),
(67,13,1,NULL,0,NULL,10,'2017-10-22',0,NULL,0,NULL,NULL,NULL,NULL,NULL,'2017-10-22',0,'2017-10-22 15:03:25',1),
(68,13,1,NULL,0,NULL,2,'2017-11-01',15000,15000,NULL,NULL,NULL,NULL,NULL,185000,'2017-11-01',0,'2017-11-01 21:22:17',1),
(69,13,1,NULL,0,NULL,2,'2017-12-01',15000,15000,NULL,NULL,NULL,NULL,NULL,170000,'2017-12-01',0,'2017-12-01 17:04:14',1),
(70,14,1,NULL,0,NULL,1,'2017-10-25',80000,NULL,NULL,NULL,NULL,NULL,NULL,80000,'2017-10-25',0,'2017-10-25 21:50:19',1),
(71,14,1,NULL,0,NULL,10,'2017-10-25',0,NULL,NULL,NULL,NULL,NULL,NULL,NULL,'2017-10-25',0,'2017-10-25 21:50:19',1),
(72,14,1,NULL,0,NULL,10,'2017-10-25',0,NULL,0,NULL,NULL,NULL,NULL,NULL,'2017-10-25',0,'2017-10-25 21:50:19',1),
(73,14,1,NULL,0,NULL,2,'2017-11-01',4200,4200,NULL,NULL,NULL,NULL,NULL,75800,'2017-11-01',0,'2017-11-01 21:22:17',1),
(74,14,1,NULL,0,NULL,2,'2017-12-01',4200,4200,NULL,NULL,NULL,NULL,NULL,71600,'2017-12-01',0,'2017-12-01 17:04:14',1),
(75,15,1,NULL,0,NULL,1,'2017-10-26',120000,NULL,NULL,NULL,NULL,NULL,NULL,120000,'2017-10-25',0,'2017-10-25 23:07:59',1),
(76,15,1,NULL,0,NULL,10,'2017-10-26',0,NULL,NULL,NULL,NULL,NULL,NULL,NULL,'2017-10-25',0,'2017-10-25 23:07:59',1),
(77,15,1,NULL,0,NULL,10,'2017-10-26',0,NULL,0,NULL,NULL,NULL,NULL,NULL,'2017-10-25',0,'2017-10-25 23:07:59',1),
(78,15,1,NULL,0,NULL,2,'2017-11-01',8400,8400,NULL,NULL,NULL,NULL,NULL,111600,'2017-11-01',0,'2017-11-01 21:22:17',1),
(79,15,1,NULL,0,NULL,2,'2017-12-01',8400,8400,NULL,NULL,NULL,NULL,NULL,103200,'2017-12-01',0,'2017-12-01 17:04:14',1),
(80,16,1,NULL,0,NULL,1,'2017-10-26',210000,NULL,NULL,NULL,NULL,NULL,NULL,210000,'2017-10-26',0,'2017-10-26 08:26:52',1),
(81,16,1,NULL,0,NULL,10,'2017-10-26',0,NULL,NULL,NULL,NULL,NULL,NULL,NULL,'2017-10-26',0,'2017-10-26 08:26:52',1),
(82,16,1,NULL,0,NULL,10,'2017-10-26',0,NULL,0,NULL,NULL,NULL,NULL,NULL,'2017-10-26',0,'2017-10-26 08:26:52',1),
(83,16,1,NULL,0,NULL,2,'2017-11-01',15000,15000,NULL,NULL,NULL,NULL,NULL,195000,'2017-11-01',0,'2017-11-01 21:22:17',1),
(84,16,1,NULL,0,NULL,2,'2017-12-01',15000,15000,NULL,NULL,NULL,NULL,NULL,180000,'2017-12-01',0,'2017-12-01 17:04:14',1),
(85,17,1,NULL,0,NULL,1,'2017-10-26',250000,NULL,NULL,NULL,NULL,NULL,NULL,250000,'2017-10-26',0,'2017-10-26 08:26:52',1),
(86,17,1,NULL,0,NULL,10,'2017-10-26',0,NULL,NULL,NULL,NULL,NULL,NULL,NULL,'2017-10-26',0,'2017-10-26 08:26:52',1),
(87,17,1,NULL,0,NULL,10,'2017-10-26',0,NULL,0,NULL,NULL,NULL,NULL,NULL,'2017-10-26',0,'2017-10-26 08:26:52',1),
(88,17,1,NULL,0,NULL,2,'2017-11-01',16700,16700,NULL,NULL,NULL,NULL,NULL,233300,'2017-11-01',0,'2017-11-01 21:22:17',1),
(89,17,1,NULL,0,NULL,2,'2017-12-01',16700,16700,NULL,NULL,NULL,NULL,NULL,216600,'2017-12-01',0,'2017-12-01 17:04:14',1),
(90,18,1,NULL,0,NULL,1,'2017-10-28',200000,NULL,NULL,NULL,NULL,NULL,NULL,200000,'2017-10-28',0,'2017-10-28 07:11:19',1),
(91,18,1,NULL,0,NULL,10,'2017-10-28',0,NULL,NULL,NULL,NULL,NULL,NULL,NULL,'2017-10-28',0,'2017-10-28 07:11:19',1),
(92,18,1,NULL,0,NULL,10,'2017-10-28',0,NULL,0,NULL,NULL,NULL,NULL,NULL,'2017-10-28',0,'2017-10-28 07:11:19',1),
(93,18,1,NULL,0,NULL,2,'2017-11-01',16700,16700,NULL,NULL,NULL,NULL,NULL,183300,'2017-11-01',0,'2017-11-01 21:22:17',1),
(94,18,1,NULL,0,NULL,2,'2017-12-01',16700,16700,NULL,NULL,NULL,NULL,NULL,166600,'2017-12-01',0,'2017-12-01 17:04:14',1),
(95,19,1,NULL,0,NULL,1,'2017-10-28',170000,NULL,NULL,NULL,NULL,NULL,NULL,170000,'2017-10-28',0,'2017-10-28 07:11:19',1),
(96,19,1,NULL,0,NULL,10,'2017-10-28',0,NULL,NULL,NULL,NULL,NULL,NULL,NULL,'2017-10-28',0,'2017-10-28 07:11:19',1),
(97,19,1,NULL,0,NULL,10,'2017-10-28',0,NULL,0,NULL,NULL,NULL,NULL,NULL,'2017-10-28',0,'2017-10-28 07:11:19',1),
(98,19,1,NULL,0,NULL,2,'2017-11-01',12500,12500,NULL,NULL,NULL,NULL,NULL,157500,'2017-11-01',0,'2017-11-01 21:22:17',1),
(99,19,1,NULL,0,NULL,2,'2017-12-01',12500,12500,NULL,NULL,NULL,NULL,NULL,145000,'2017-12-01',0,'2017-12-01 17:04:14',1),
(100,20,1,NULL,0,NULL,1,'2017-10-29',210000,NULL,NULL,NULL,NULL,NULL,NULL,210000,'2017-10-29',0,'""2017-10-29 06:56:52',1),
(101,20,1,NULL,0,NULL,10,'2017-10-29',0,NULL,NULL,NULL,NULL,NULL,NULL,NULL,'2017-10-29',0,'""2017-10-29 06:56:52',1),
(102,20,1,NULL,0,NULL,10,'2017-10-29',0,NULL,0,NULL,NULL,NULL,NULL,NULL,'2017-10-29',0,'""2017-10-29 06:56:52',1),
(103,20,1,NULL,0,NULL,2,'2017-11-01',12500,12500,NULL,NULL,NULL,NULL,NULL,197500,'2017-11-01',0,'2017-11-01 04:51:58',1),
(104,20,1,NULL,0,NULL,2,'2017-12-01',12500,12500,NULL,NULL,NULL,NULL,NULL,185000,'2017-12-01',0,'2017-12-1 07:43:36',1),
(105,21,1,NULL,0,NULL,1,'2017-11-01',350000,NULL,NULL,NULL,NULL,NULL,NULL,350000,'2017-11-01',0,'2017-11-01 11:03:02',1),
(106,21,1,NULL,0,NULL,10,'2017-11-01',0,NULL,NULL,NULL,NULL,NULL,NULL,NULL,'2017-11-01',0,'2017-11-01 11:03:02',1),
(107,21,1,NULL,0,NULL,10,'2017-11-01',0,NULL,NULL,NULL,NULL,NULL,NULL,NULL,'2017-11-01',0,'2017-11-01 11:03:02',1),
(108,21,1,NULL,0,NULL,2,'2017-12-01',21000,21000,NULL,NULL,NULL,NULL,NULL,329000,'2017-12-01',0,'2017-12-01 23:05:58',1),
(109,22,1,NULL,0,NULL,1,'2017-12-01',30000,NULL,NULL,NULL,NULL,NULL,NULL,30000,'2017-12-01',0,'2017-12-01 23:05:58',1),
(110,22,1,NULL,0,NULL,10,'2017-12-01',0,NULL,NULL,NULL,NULL,NULL,NULL,NULL,'2017-12-01',0,'2017-12-01 23:05:58',1),
(111,22,1,NULL,0,NULL,10,'2017-12-01',0,NULL,0,NULL,NULL,NULL,NULL,NULL,'2017-12-01',0,'2017-12-01 23:05:58',1),
(112,23,1,NULL,0,NULL,1,'2017-12-01',35000,NULL,NULL,NULL,NULL,NULL,NULL,35000,'2017-12-01',0,'2017-12-01 23:05:58',1),
(113,23,1,NULL,0,NULL,10,'2017-12-01',0,NULL,NULL,NULL,NULL,NULL,NULL,NULL,'2017-12-01',0,'2017-12-01 23:05:58',1),
(114,23,1,NULL,0,NULL,10,'2017-12-01',0,NULL,0,NULL,NULL,NULL,NULL,NULL,'2017-12-01',0,'2017-12-01 23:05:58',1),
(115,24,1,NULL,0,NULL,1,'2017-12-01',40200,NULL,NULL,NULL,NULL,NULL,NULL,40200,'2017-12-01',0,'2017-12-01 23:05:58',1),
(116,24,1,NULL,0,NULL,10,'2017-12-01',0,NULL,NULL,NULL,NULL,NULL,NULL,NULL,'2017-12-01',0,'2017-12-01 23:05:58',1),
(117,24,1,NULL,0,NULL,10,'2017-12-01',0,NULL,0,NULL,NULL,NULL,NULL,NULL,'2017-12-01',0,'2017-12-01 23:05:58',1),
(118,25,1,NULL,0,NULL,1,'2017-12-05',65000,NULL,NULL,NULL,NULL,NULL,NULL,65000,'2017-12-05',0,'2017-12-05 01:04:24',1),
(119,25,1,NULL,0,NULL,10,'2017-12-05',0,NULL,NULL,NULL,NULL,NULL,NULL,NULL,'2017-12-05',0,'2017-12-05 01:04:24',1),
(120,25,1,NULL,0,NULL,10,'2017-12-05',0,NULL,0,NULL,NULL,NULL,NULL,NULL,'2017-12-05',0,'2017-12-05 01:04:24',1),
(121,26,1,NULL,0,NULL,1,'2017-12-05',32000,NULL,NULL,NULL,NULL,NULL,NULL,32000,'2017-12-05',0,'2017-12-05 01:04:24',1),
(122,26,1,NULL,0,NULL,10,'2017-12-05',0,NULL,NULL,NULL,NULL,NULL,NULL,NULL,'2017-12-05',0,'2017-12-05 01:04:24',1),
(123,26,1,NULL,0,NULL,10,'2017-12-05',0,NULL,0,NULL,NULL,NULL,NULL,NULL,'2017-12-05',0,'2017-12-05 01:04:24',1),
(124,27,1,NULL,0,NULL,1,'2017-12-05',25000,NULL,NULL,NULL,NULL,NULL,NULL,25000,'2017-12-05',0,'2017-12-05 01:04:24',1),
(125,27,1,NULL,0,NULL,10,'2017-12-05',0,NULL,NULL,NULL,NULL,NULL,NULL,NULL,'2017-12-05',0,'2017-12-05 01:04:24',1),
(126,27,1,NULL,0,NULL,10,'2017-12-05',0,NULL,0,NULL,NULL,NULL,NULL,NULL,'2017-12-05',0,'2017-12-05 01:04:24',1),
(127,28,1,NULL,0,NULL,1,'2017-12-05',5000,NULL,NULL,NULL,NULL,NULL,NULL,5000,'2017-12-05',0,'2017-12-05 01:04:24',1),
(128,28,1,NULL,0,NULL,10,'2017-12-05',0,NULL,NULL,NULL,NULL,NULL,NULL,NULL,'2017-12-05',0,'2017-12-05 01:04:24',1),
(129,28,1,NULL,0,NULL,10,'2017-12-05',0,NULL,0,NULL,NULL,NULL,NULL,NULL,'2017-12-05',0,'2017-12-05 01:04:24',1),
(130,29,1,NULL,0,NULL,1,'2017-12-05',10000,NULL,NULL,NULL,NULL,NULL,NULL,10000,'2017-12-05',0,'2017-12-05 01:04:24',1),
(131,29,1,NULL,0,NULL,10,'2017-12-05',0,NULL,NULL,NULL,NULL,NULL,NULL,NULL,'2017-12-05',0,'2017-12-05 01:04:24',1),
(132,29,1,NULL,0,NULL,10,'2017-12-05',0,NULL,0,NULL,NULL,NULL,NULL,NULL,'2017-12-05',0,'2017-12-05 01:04:24',1),
(133,30,1,NULL,0,NULL,1,'2017-12-05',22000,NULL,NULL,NULL,NULL,NULL,NULL,22000,'2017-12-05',0,'2017-12-05 01:04:24',1),
(134,30,1,NULL,0,NULL,10,'2017-12-05',0,NULL,NULL,NULL,NULL,NULL,NULL,NULL,'2017-12-05',0,'2017-12-05 01:04:24',1),
(135,30,1,NULL,0,NULL,10,'2017-12-05',0,NULL,0,NULL,NULL,NULL,NULL,NULL,'2017-12-05',0,'2017-12-05 01:04:24',1),
(136,31,1,NULL,0,NULL,1,'2017-12-05',28000,NULL,NULL,NULL,NULL,NULL,NULL,28000,'2017-12-05',0,'2017-12-05 19:46:03',1),
(137,31,1,NULL,0,NULL,10,'2017-12-05',0,NULL,NULL,NULL,NULL,NULL,NULL,NULL,'2017-12-05',0,'2017-12-05 19:27:44',1),
(138,31,1,NULL,0,NULL,10,'2017-12-05',0,NULL,0,NULL,NULL,NULL,NULL,NULL,'2017-12-05',0,'2017-12-05 23:33:47',1),
(139,32,1,NULL,0,NULL,1,'2017-12-06',7000,NULL,NULL,NULL,NULL,NULL,NULL,7000,'2017-12-06',0,'2017-12-06 12:00:00',1),
(140,32,1,NULL,0,NULL,10,'2017-12-06',0,NULL,NULL,NULL,NULL,NULL,NULL,NULL,'2017-12-06',0,'2017-12-06 12:00:00',1),
(141,32,1,NULL,0,NULL,10,'2017-12-06',0,NULL,0,NULL,NULL,NULL,NULL,NULL,'2017-12-06',0,'2017-12-06 12:00:00',1),
(142,33,1,NULL,0,NULL,1,'2017-12-06',10000,NULL,NULL,NULL,NULL,NULL,NULL,10000,'2017-12-06',0,'2017-12-06 12:00:00',1),
(143,33,1,NULL,0,NULL,10,'2017-12-06',0,NULL,NULL,NULL,NULL,NULL,NULL,NULL,'2017-12-06',0,'2017-12-06 12:00:00',1),
(144,33,1,NULL,0,NULL,10,'2017-12-06',0,NULL,0,NULL,NULL,NULL,NULL,NULL,'2017-12-06',0,'2017-12-06 12:00:00',1),
(145,34,1,NULL,0,NULL,1,'2017-12-07',40200,NULL,NULL,NULL,NULL,NULL,NULL,40200,'2017-12-07',0,'2017-12-07 9:00:00',1),
(146,34,1,NULL,0,NULL,10,'2017-12-07',0,NULL,NULL,NULL,NULL,NULL,NULL,NULL,'2017-12-07',0,'2017-12-07 9:00:00',1),
(147,34,1,NULL,0,NULL,10,'2017-12-07',0,NULL,0,NULL,NULL,NULL,NULL,NULL,'2017-12-07',0,'2017-12-07 9:00:00',1),
(148,35,1,NULL,0,NULL,1,'2017-12-10',65000,NULL,NULL,NULL,NULL,NULL,NULL,65000,'2017-12-10',0,'2017-12-10 9:30:00',1),
(149,35,1,NULL,0,NULL,10,'2017-12-10',0,NULL,NULL,NULL,NULL,NULL,NULL,NULL,'2017-12-10',0,'2017-12-10 9:30:00',1),
(150,35,1,NULL,0,NULL,10,'2017-12-10',0,NULL,0,NULL,NULL,NULL,NULL,NULL,'2017-12-10',0,'2017-12-10 9:30:00',1),
(151,36,1,NULL,0,NULL,1,'2017-12-10',32000,NULL,NULL,NULL,NULL,NULL,NULL,32000,'2017-12-10',0,'2017-12-10 9:30:00',1),
(152,36,1,NULL,0,NULL,10,'2017-12-10',0,NULL,NULL,NULL,NULL,NULL,NULL,NULL,'2017-12-10',0,'2017-12-10 9:30:00',1),
(153,36,1,NULL,0,NULL,10,'2017-12-10',0,NULL,0,NULL,NULL,NULL,NULL,NULL,'2017-12-10',0,'2017-12-10 9:30:00',1),
(154,37,1,NULL,0,NULL,1,'2017-12-10',28000,NULL,NULL,NULL,NULL,NULL,NULL,28000,'2017-12-10',0,'2017-12-10 9:30:00',1),
(155,37,1,NULL,0,NULL,10,'2017-12-10',0,NULL,NULL,NULL,NULL,NULL,NULL,NULL,'2017-12-10',0,'2017-12-10 9:30:00',1),
(156,37,1,NULL,0,NULL,10,'2017-12-10',0,NULL,0,NULL,NULL,NULL,NULL,NULL,'2017-12-10',0,'2017-12-10 9:30:00',1),
(157,38,1,NULL,0,NULL,1,'2017-12-10',7000,NULL,NULL,NULL,NULL,NULL,NULL,7000,'2017-12-10',0,'2017-12-10 9:30:00',1),
(158,38,1,NULL,0,NULL,10,'2017-12-10',0,NULL,NULL,NULL,NULL,NULL,NULL,NULL,'2017-12-10',0,'2017-12-10 9:30:00',1),
(159,38,1,NULL,0,NULL,10,'2017-12-10',0,NULL,0,NULL,NULL,NULL,NULL,NULL,'2017-12-10',0,'2017-12-10 9:30:00',1),
(160,39,1,NULL,0,NULL,1,'2017-12-10',10000,NULL,NULL,NULL,NULL,NULL,NULL,10000,'2017-12-10',0,'2017-12-10 9:30:00',1),
(161,39,1,NULL,0,NULL,10,'2017-12-10',0,NULL,NULL,NULL,NULL,NULL,NULL,NULL,'2017-12-10',0,'2017-12-10 9:30:00',1),
(162,39,1,NULL,0,NULL,10,'2017-12-10',0,NULL,0,NULL,NULL,NULL,NULL,NULL,'2017-12-10',0,'2017-12-10 9:30:00',1),
(163,40,1,NULL,0,NULL,1,'2017-12-10',70000,NULL,NULL,NULL,NULL,NULL,NULL,70000,'2017-12-10',0,'2017-12-10 9:30:00',1),
(164,40,1,NULL,0,NULL,10,'2017-12-10',0,NULL,NULL,NULL,NULL,NULL,NULL,NULL,'2017-12-10',0,'2017-12-10 9:30:00',1),
(165,40,1,NULL,0,NULL,10,'2017-12-10',0,NULL,0,NULL,NULL,NULL,NULL,NULL,'2017-12-10',0,'2017-12-10 9:30:00',1),
(166,41,1,NULL,0,NULL,1,'2017-12-11',35000,NULL,NULL,NULL,NULL,NULL,NULL,35000,'2017-12-11',0,'2017-12-11 11:10:00',1),
(167,41,1,NULL,0,NULL,10,'2017-12-11',0,NULL,NULL,NULL,NULL,NULL,NULL,NULL,'2017-12-11',0,'2017-12-11 11:10:00',1),
(168,41,1,NULL,0,NULL,10,'2017-12-11',0,NULL,0,NULL,NULL,NULL,NULL,NULL,'2017-12-11',0,'2017-12-11 11:10:00',1),
(169,42,1,NULL,0,NULL,1,'2017-12-12',60000,NULL,NULL,NULL,NULL,NULL,NULL,60000,'2017-12-12',0,'2017-12-12 12:10:00',1),
(170,42,1,NULL,0,NULL,10,'2017-12-12',0,NULL,NULL,NULL,NULL,NULL,NULL,NULL,'2017-12-12',0,'2017-12-12 12:10:00',1),
(171,42,1,NULL,0,NULL,10,'2017-12-12',0,NULL,0,NULL,NULL,NULL,NULL,NULL,'2017-12-12',0,'2017-12-12 12:10:00',1),
(172,43,1,NULL,0,NULL,1,'2017-12-13',85000,NULL,NULL,NULL,NULL,NULL,NULL,85000,'2017-12-13',0,'2017-12-13 19:46:03',1),
(173,43,1,NULL,0,NULL,10,'2017-12-13',0,NULL,NULL,NULL,NULL,NULL,NULL,NULL,'2017-12-13',0,'2017-12-13 19:46:03',1),
(174,43,1,NULL,0,NULL,10,'2017-12-13',0,NULL,0,NULL,NULL,NULL,NULL,NULL,'2017-12-13',0,'2017-12-13 19:46:03',1),
(175,44,1,NULL,0,NULL,1,'2017-12-13',25000,NULL,NULL,NULL,NULL,NULL,NULL,25000,'2017-12-13',0,'2017-12-13 19:46:03',1),
(176,44,1,NULL,0,NULL,10,'2017-12-13',0,NULL,NULL,NULL,NULL,NULL,NULL,NULL,'2017-12-13',0,'2017-12-13 19:46:03',1),
(177,44,1,NULL,0,NULL,10,'2017-12-13',0,NULL,0,NULL,NULL,NULL,NULL,NULL,'2017-12-13',0,'2017-12-13 19:46:03',1),
(178,45,1,NULL,0,NULL,1,'2017-12-13',8500,NULL,NULL,NULL,NULL,NULL,NULL,8500,'2017-12-13',0,'2017-12-13 19:46:03',1),
(179,45,1,NULL,0,NULL,10,'2017-12-13',0,NULL,NULL,NULL,NULL,NULL,NULL,NULL,'2017-12-13',0,'2017-12-13 19:46:03',1),
(180,45,1,NULL,0,NULL,10,'2017-12-13',0,NULL,0,NULL,NULL,NULL,NULL,NULL,'2017-12-13',0,'2017-12-13 19:46:03',1),
(181,46,1,NULL,0,NULL,1,'2017-12-13',65000,NULL,NULL,NULL,NULL,NULL,NULL,65000,'2017-12-13',0,'2017-12-13 19:46:03',1),
(182,46,1,NULL,0,NULL,10,'2017-12-13',0,NULL,NULL,NULL,NULL,NULL,NULL,NULL,'2017-12-13',0,'2017-12-13 19:46:03',1),
(183,46,1,NULL,0,NULL,10,'2017-12-13',0,NULL,0,NULL,NULL,NULL,NULL,NULL,'2017-12-13',0,'2017-12-13 19:46:03',1),
(184,47,1,NULL,0,NULL,1,'2017-12-14',35000,NULL,NULL,NULL,NULL,NULL,NULL,35000,'2017-12-14',0,'2017-12-14 10:35:00',1),
(185,47,1,NULL,0,NULL,10,'2017-12-14',0,NULL,NULL,NULL,NULL,NULL,NULL,NULL,'2017-12-14',0,'2017-12-14 10:35:00',1),
(186,47,1,NULL,0,NULL,10,'2017-12-14',0,NULL,0,NULL,NULL,NULL,NULL,NULL,'2017-12-14',0,'2017-12-14 10:35:00',1),
(187,48,1,NULL,0,NULL,1,'2017-12-15',90000,NULL,NULL,NULL,NULL,NULL,NULL,90000,'2017-12-15',0,'2017-12-15 10:11:00',1),
(188,48,1,NULL,0,NULL,10,'2017-12-15',0,NULL,NULL,NULL,NULL,NULL,NULL,NULL,'2017-12-15',0,'2017-12-15 10:11:00',1),
(189,48,1,NULL,0,NULL,10,'2017-12-15',0,NULL,0,NULL,NULL,NULL,NULL,NULL,'2017-12-15',0,'2017-12-15 10:11:00',1),
(190,49,1,NULL,0,NULL,1,'2017-12-16',45000,NULL,NULL,NULL,NULL,NULL,NULL,45000,'2017-12-16',0,'2017-12-16 09:20:00',1),
(191,49,1,NULL,0,NULL,10,'2017-12-16',0,NULL,NULL,NULL,NULL,NULL,NULL,NULL,'2017-12-16',0,'2017-12-16 09:20:00',1),
(192,49,1,NULL,0,NULL,10,'2017-12-16',0,NULL,0,NULL,NULL,NULL,NULL,NULL,'2017-12-16',0,'2017-12-16 09:20:00',1),
(193,50,1,NULL,0,NULL,1,'2017-12-25',25000,NULL,NULL,NULL,NULL,NULL,NULL,25000,'2017-12-25',0,'2017-12-25 22:18:41',1),
(194,50,1,NULL,0,NULL,10,'2017-12-25',0,NULL,NULL,NULL,NULL,NULL,NULL,NULL,'2017-12-25',0,'2017-12-25 22:18:41',1),
(195,50,1,NULL,0,NULL,10,'2017-12-25',0,NULL,0,NULL,NULL,NULL,NULL,NULL,'2017-12-25',0,'2017-12-25 22:18:41',1),
(196,51,1,NULL,0,NULL,1,'2017-12-26',100000,NULL,NULL,NULL,NULL,NULL,NULL,100000,'2017-12-26',0,'2017-12-26 10:00:00',1),
(197,51,1,NULL,0,NULL,10,'2017-12-26',0,NULL,NULL,NULL,NULL,NULL,NULL,NULL,'2017-12-26',0,'2017-12-26 10:00:00',1),
(198,51,1,NULL,0,NULL,10,'2017-12-26',0,NULL,0,NULL,NULL,NULL,NULL,NULL,'2017-12-26',0,'2017-12-26 10:00:00',1),
(199,52,1,NULL,0,NULL,1,'2017-12-27',750000,NULL,NULL,NULL,NULL,NULL,NULL,750000,'2017-12-27',0,'2017-12-27 12:00:00',1),
(200,52,1,NULL,0,NULL,10,'2017-12-27',0,NULL,NULL,NULL,NULL,NULL,NULL,NULL,'2017-12-27',0,'2017-12-27 12:00:00',1),
(201,52,1,NULL,0,NULL,10,'2017-12-27',0,NULL,0,NULL,NULL,NULL,NULL,NULL,'2017-12-27',0,'2017-12-27 12:00:00',1),
(202,53,1,NULL,0,NULL,1,NULL,27100,NULL,NULL,NULL,NULL,NULL,NULL,27100,NULL,0,'2017-09-14 10:45:00',1),
(203,53,1,NULL,0,NULL,10,NULL,0,NULL,NULL,NULL,NULL,NULL,NULL,NULL,NULL,0,'2017-09-14 11:45:00',1),
(204,53,1,NULL,0,NULL,10,NULL,0,NULL,0,NULL,NULL,NULL,NULL,NULL,NULL,0,'2017-09-14 12:50:00',1),
(205,53,1,NULL,0,NULL,2,NULL,"2,100","2,100",NULL,NULL,NULL,NULL,NULL,"25,000",NULL,0,'2017-10-14 14:34:00',1),
(206,53,1,NULL,0,NULL,2,NULL,2100,2100,NULL,NULL,NULL,NULL,NULL,"22,900",NULL,0,'2017-11-14 15:34:00',1),
(207,53,1,NULL,0,NULL,2,NULL,2100,2100,NULL,NULL,NULL,NULL,NULL,"20,800",NULL,0,'2017-12-11 15:34:00',1),
(208,54,1,NULL,0,NULL,1,'2017-09-13',48800,NULL,NULL,NULL,NULL,NULL,NULL,48800,'2017-09-13',0,'2017-09-13 09:19:19',1),
(209,54,1,NULL,0,NULL,10,'2017-09-13',0,NULL,NULL,NULL,NULL,NULL,NULL,NULL,'2017-09-13',0,'2017-09-13 10:20:20',1),
(210,54,1,NULL,0,NULL,10,'2017-09-13',0,NULL,0,NULL,NULL,NULL,NULL,NULL,'2017-09-13',0,'2017-09-13 11:20:21',1),
(211,54,1,NULL,0,NULL,2,'2017-10-13',3800,3800,NULL,NULL,NULL,NULL,NULL,45000,'2017-10-13',0,'2017-10-13 12:20:31',1),
(212,54,1,NULL,0,NULL,2,'2017-11-13',3800,3800,NULL,NULL,NULL,NULL,NULL,41200,'2017-11-13',0,'2017-11-13 12:20:31',1),
(213,54,1,NULL,0,NULL,2,'2017-12-13',3800,3800,NULL,NULL,NULL,NULL,NULL,37400,'2017-12-13',0,'2017-12-13 12:20:31',1),
(214,55,1,NULL,0,NULL,1,'2017-09-13',32500,NULL,NULL,NULL,NULL,NULL,NULL,32500,'2017-09-13',0,'2017-09-13 10:30:40',1),
(215,55,1,NULL,0,NULL,10,'2017-09-13',0,NULL,NULL,NULL,NULL,NULL,NULL,NULL,'2017-09-13',0,'2017-09-13 11:30:00',1),
(216,55,1,NULL,0,NULL,10,'2017-09-13',0,NULL,0,NULL,NULL,NULL,NULL,NULL,'2017-09-13',0,'2017-09-13 12:30:20',1),
(217,55,1,NULL,0,NULL,2,'2017-10-13',2500,2500,NULL,NULL,NULL,NULL,NULL,30000,'2017-10-13',0,'2017-10-13 14:20:21',1),
(218,55,1,NULL,0,NULL,2,'2017-11-13',2500,2500,NULL,NULL,NULL,NULL,NULL,27500,'2017-11-13',0,'2017-11-13 14:20:21',1),
(219,55,1,NULL,0,NULL,2,'2017-12-13',2500,2500,NULL,NULL,NULL,NULL,NULL,25000,'2017-12-13',0,'2017-12-13 14:20:21',1),
(220,56,1,NULL,0,NULL,1,'2017-10-27',40000,NULL,NULL,NULL,NULL,NULL,NULL,40000,'2017-10-27',0,'2017-10-27 02:58:39',1),
(221,56,1,NULL,0,NULL,10,'2017-10-27',0,NULL,NULL,NULL,NULL,NULL,NULL,NULL,'2017-10-27',0,'2017-10-27 02:58:39',1),
(222,56,1,NULL,0,NULL,10,'2017-10-27',0,NULL,0,NULL,NULL,NULL,NULL,NULL,'2017-10-27',0,'2017-10-27 02:58:39',1),
(223,56,1,NULL,0,NULL,2,'2017-11-27',3400,3400,NULL,NULL,NULL,NULL,NULL,36600,'2017-11-27',0,'2017-11-27 02:58:39',1),
(224,56,1,NULL,0,NULL,2,'2017-12-27',3400,3400,NULL,NULL,NULL,NULL,NULL,33200,'2017-12-27',0,'2017-12-27 02:58:39',1),
(225,57,1,NULL,0,NULL,1,'2017-10-28',30000,NULL,NULL,NULL,NULL,NULL,NULL,30000,'2017-10-30',0,'2017-10-30 14:40:03',1),
(226,57,1,NULL,0,NULL,10,'2017-10-28',0,NULL,NULL,NULL,NULL,NULL,NULL,NULL,'2017-10-30',0,'2017-10-30 00:58:31',1),
(227,57,1,NULL,0,NULL,10,'2017-10-28',0,NULL,0,NULL,NULL,NULL,NULL,NULL,'2017-10-30',0,'2017-10-30 21:11:12',1),
(228,57,1,NULL,0,NULL,2,'2017-10-28',2500,2500,NULL,NULL,NULL,NULL,NULL,27500,'2017-10-31',0,'2017-10-31 05:37:34',1),
(229,57,1,NULL,0,NULL,2,'2017-10-28',2500,2500,NULL,NULL,NULL,NULL,NULL,25000,'2017-11-01',0,'2017-11-01 16:40:22',1),
(230,58,1,NULL,0,NULL,1,'2017-10-28',20000,NULL,NULL,NULL,NULL,NULL,NULL,20000,'2017-10-28',0,'2017-10-28 12:39:50',1),
(231,58,1,NULL,0,NULL,10,'2017-10-28',0,NULL,NULL,NULL,NULL,NULL,NULL,NULL,'2017-10-28',0,'2017-10-28 12:39:50',1),
(232,58,1,NULL,0,NULL,10,'2017-10-28',0,NULL,0,NULL,NULL,NULL,NULL,NULL,'2017-10-28',0,'2017-10-28 12:39:50',1),
(233,58,1,NULL,0,NULL,2,'2017-11-28',1700,1700,NULL,NULL,NULL,NULL,NULL,18300,'2017-11-28',0,'2017-11-28 03:12:21',1),
(234,58,1,NULL,0,NULL,2,'2017-12-28',1700,1700,NULL,NULL,NULL,NULL,NULL,16600,'2017-12-28',0,'2017-12-28 08:24:03',1),
(235,59,1,NULL,0,NULL,1,'2017-11-01',60000,NULL,NULL,NULL,NULL,NULL,NULL,60000,'2017-11-01',0,'2017-11-01 14:10:21',1),
(236,59,1,NULL,0,NULL,10,'2017-11-01',0,NULL,NULL,NULL,NULL,NULL,NULL,NULL,'2017-11-01',0,'2017-11-01 11:25:24',1),
(237,59,1,NULL,0,NULL,10,'2017-11-01',0,NULL,0,NULL,NULL,NULL,NULL,NULL,'2017-11-01',0,'2017-11-01 06:57:33',1),
(238,59,1,NULL,0,NULL,2,'2017-11-02',5000,5000,NULL,NULL,NULL,NULL,NULL,55000,'2017-11-02',0,'2017-11-02 18:32:56',1),
(239,60,1,NULL,0,NULL,1,'2017-11-18',41500,NULL,NULL,NULL,NULL,NULL,NULL,41500,'2017-11-18',0,'2017-11-18 10:04:19',1),
(240,60,1,NULL,0,NULL,10,'2017-11-18',0,NULL,NULL,NULL,NULL,NULL,NULL,NULL,'2017-11-18',0,'2017-11-18 10:04:19',1),
(241,60,1,NULL,0,NULL,10,'2017-11-18',0,NULL,0,NULL,NULL,NULL,NULL,NULL,'2017-11-18',0,'2017-11-18 10:04:19',1),
(242,60,1,NULL,0,NULL,2,'2017-12-18',3500,3500,NULL,NULL,NULL,NULL,NULL,38000,'2017-12-18',0,'2017-12-18 07:47:32',1),
(243,61,1,NULL,0,NULL,1,'2017-12-05',25000,NULL,NULL,NULL,NULL,NULL,NULL,25000,'2017-12-05',0,'2017-12-05 10:13:02',1),
(244,61,1,NULL,0,NULL,10,'2017-12-05',0,NULL,NULL,NULL,NULL,NULL,NULL,NULL,'2017-12-05',0,'2017-12-05 10:13:02',1),
(245,61,1,NULL,0,NULL,10,'2017-12-05',0,NULL,0,NULL,NULL,NULL,NULL,NULL,'2017-12-05',0,'2017-12-05 10:13:02',1),
(246,62,1,NULL,0,NULL,1,'2017-12-15',75000,NULL,NULL,NULL,NULL,NULL,NULL,75000,'2017-12-15',0,'2017-12-15 12:29:25',1),
(247,62,1,NULL,0,NULL,10,'2017-12-15',0,NULL,NULL,NULL,NULL,NULL,NULL,NULL,'2017-12-15',0,'2017-12-15 16:33:24',1),
(248,62,1,NULL,0,NULL,10,'2017-12-15',0,NULL,0,NULL,NULL,NULL,NULL,NULL,'2017-12-15',0,'2017-12-15 20:45:43',1),
(249,63,1,NULL,0,NULL,1,'2017-10-04',95000,NULL,NULL,NULL,NULL,NULL,NULL,95000,'2017-10-04',0,'2017-10-04 20:58:14',1),
(250,63,1,NULL,0,NULL,10,'2017-10-04',0,NULL,NULL,NULL,NULL,NULL,NULL,NULL,'2017-10-04',0,'2017-10-04 20:58:14',1),
(251,63,1,NULL,0,NULL,10,'2017-10-04',0,NULL,0,NULL,NULL,NULL,NULL,NULL,'2017-10-04',0,'2017-10-04 20:58:14',1),
(252,63,1,NULL,0,NULL,2,'2017-11-04',8000,8000,NULL,NULL,NULL,NULL,NULL,87000,'2017-11-04',0,'2017-11-04 03:35:30',1),
(253,63,1,NULL,0,NULL,2,'2017-12-04',8000,8000,NULL,NULL,NULL,NULL,NULL,79000,'2017-12-04',0,'2017-12-04 05:31:02',1),
(254,64,1,NULL,0,NULL,1,'2017-10-17',105000,NULL,NULL,NULL,NULL,NULL,NULL,105000,'2017-10-17',0,'2017-10-17 09:04:56',1),
(255,64,1,NULL,0,NULL,10,'2017-10-17',0,NULL,NULL,NULL,NULL,NULL,NULL,NULL,'2017-10-17',0,'2017-10-17 13:23:20',1),
(256,64,1,NULL,0,NULL,10,'2017-10-17',0,NULL,0,NULL,NULL,NULL,NULL,NULL,'2017-10-17',0,'2017-10-17 18:27:04',1),
(257,64,1,NULL,0,NULL,2,'2017-10-17',8800,8800,NULL,NULL,NULL,NULL,NULL,96200,'2017-10-17',0,'2017-11-17 03:48:35',1),
(258,64,1,NULL,0,NULL,2,'2017-12-17',8800,8800,NULL,NULL,NULL,NULL,NULL,87400,'2017-12-17',0,'2017-12-17 12:13:22',1),
(259,65,1,NULL,0,NULL,1,'2017-11-12',25000,NULL,NULL,NULL,NULL,NULL,NULL,25000,'2017-11-12',0,'2017-11-12 21:09:39',1),
(260,65,1,NULL,0,NULL,10,'2017-11-12',0,NULL,NULL,NULL,NULL,NULL,NULL,NULL,'2017-11-12',0,'2017-11-12 21:09:39',1),
(261,65,1,NULL,0,NULL,10,'2017-11-12',0,NULL,0,NULL,NULL,NULL,NULL,NULL,'2017-11-12',0,'2017-11-12 21:09:39',1),
(262,65,1,NULL,0,NULL,2,'2017-12-12',2100,2100,NULL,NULL,NULL,NULL,NULL,22900,'2017-12-12',0,'2017-12-12 20:54:03',1),
(263,66,1,NULL,0,NULL,1,'2017-11-15',35000,NULL,NULL,NULL,NULL,NULL,NULL,35000,'2017-11-15',0,'2017-11-15 07:26:28',1),
(264,66,1,NULL,0,NULL,10,'2017-11-15',0,NULL,NULL,NULL,NULL,NULL,NULL,NULL,'2017-11-15',0,'2017-11-15 12:49:54',1),
(265,66,1,NULL,0,NULL,10,'2017-11-15',0,NULL,0,NULL,NULL,NULL,NULL,NULL,'2017-11-15',0,'2017-11-15 02:39:03',1),
(266,66,1,NULL,0,NULL,2,'2017-12-15',1000,1000,NULL,NULL,NULL,NULL,NULL,9000,'2017-12-15',0,'2017-12-15 17:16:08',1),
(267,67,1,NULL,0,NULL,1,'2017-12-01',40000,NULL,NULL,NULL,NULL,NULL,NULL,40000,'2017-12-01',0,'2017-12-01 09:52:16',1),
(268,67,1,NULL,0,NULL,10,'2017-12-01',0,NULL,NULL,NULL,NULL,NULL,NULL,NULL,'2017-12-01',0,'2017-12-01 09:52:16',1),
(269,67,1,NULL,0,NULL,10,'2017-12-01',0,NULL,0,NULL,NULL,NULL,NULL,NULL,'2017-12-01',0,'2017-12-01 09:52:16',1),
(270,68,1,NULL,0,NULL,1,'2017-12-02',25000,NULL,NULL,NULL,NULL,NULL,NULL,25000,'2017-12-02',0,'2017-12-02 10:30:05',1),
(271,68,1,NULL,0,NULL,10,'2017-12-02',0,NULL,NULL,NULL,NULL,NULL,NULL,NULL,'2017-12-02',0,'2017-12-02 12:39:16',1),
(272,68,1,NULL,0,NULL,10,'2017-12-02',0,NULL,0,NULL,NULL,NULL,NULL,NULL,'2017-12-02',0,'2017-12-02 22:17:22',1),
(273,69,1,NULL,0,NULL,1,'2017-09-13',104200,NULL,NULL,NULL,NULL,NULL,NULL,104200,'2017-09-13',0,'2017-09-13 08:03:43',1),
(274,69,1,NULL,0,NULL,10,'2017-09-13',0,NULL,NULL,NULL,NULL,NULL,NULL,NULL,'2017-09-13',0,'2017-09-13 08:03:43',1),
(275,69,1,NULL,0,NULL,10,'2017-09-13',0,NULL,0,NULL,NULL,NULL,NULL,NULL,'2017-09-13',0,'2017-09-13 08:03:43',1),
(276,69,1,NULL,0,NULL,2,'2017-10-13',4200,4200,NULL,NULL,NULL,NULL,NULL,100000,'2017-10-13',0,'2017-10-13 19:24:06',1),
(277,69,1,NULL,0,NULL,2,'2017-11-13',4200,4200,NULL,NULL,NULL,NULL,NULL,95800,'2017-11-13',0,'2017-11-13 05:40:11',1),
(278,69,1,NULL,0,NULL,2,'2017-12-13',4200,4200,NULL,NULL,NULL,NULL,NULL,91600,'2017-12-13',0,'2017-12-13 10:19:35',1),
(279,70,1,NULL,0,NULL,1,'2017-10-17',100000,NULL,NULL,NULL,NULL,NULL,NULL,100000,'2017-10-17',0,'2017-10-17 20:57:43',1),
(280,70,1,NULL,0,NULL,10,'2017-10-17',0,NULL,NULL,NULL,NULL,NULL,NULL,NULL,'2017-10-17',0,'2017-10-17 20:57:43',1),
(281,70,1,NULL,0,NULL,10,'2017-10-17',0,NULL,0,NULL,NULL,NULL,NULL,NULL,'2017-10-17',0,'2017-10-17 20:57:43',1),
(282,70,1,NULL,0,NULL,2,'2017-11-17',4200,4200,NULL,NULL,NULL,NULL,NULL,95800,'2017-11-17',0,'2017-11-17 10:43:16',1),
(283,70,1,NULL,0,NULL,2,'2017-12-17',4200,4200,NULL,NULL,NULL,NULL,NULL,91600,'2017-12-17',0,'2017-12-17 05:03:18',1),
(284,71,1,NULL,0,NULL,1,'2017-11-18',75000,NULL,NULL,NULL,NULL,NULL,NULL,75000,'2017-11-18',0,'2017-11-18 07:26:28',1),
(285,71,1,NULL,0,NULL,10,'2017-11-18',0,NULL,NULL,NULL,NULL,NULL,NULL,NULL,'2017-11-18',0,'2017-11-18 12:49:54',1),
(286,71,1,NULL,0,NULL,10,'2017-11-18',0,NULL,0,NULL,NULL,NULL,NULL,NULL,'2017-11-18',0,'2017-11-18 02:39:03',1),
(287,71,1,NULL,0,NULL,2,'2017-12-18',6300,6300,NULL,NULL,NULL,NULL,NULL,68700,'2017-12-18',0,'2017-12-18 17:16:08',1),
(288,72,1,NULL,0,NULL,1,'2017-12-26',60000,NULL,NULL,NULL,NULL,NULL,NULL,60000,'2017-12-26',0,'2017-12-26 13:40:17',1),
(289,72,1,NULL,0,NULL,10,'2017-12-26',0,NULL,NULL,NULL,NULL,NULL,NULL,NULL,'2017-12-26',0,'2017-12-26 13:40:17',1),
(290,72,1,NULL,0,NULL,10,'2017-12-26',0,NULL,0,NULL,NULL,NULL,NULL,NULL,'2017-12-26',0,'2017-12-26 13:40:17',1),
(291,73,1,NULL,0,NULL,1,'2017-12-28',75000,NULL,NULL,NULL,NULL,NULL,NULL,75000,'2017-12-28',0,'2017-12-28 13:50:33',1),
(292,73,1,NULL,0,NULL,10,'2017-12-28',0,NULL,NULL,NULL,NULL,NULL,NULL,NULL,'2017-12-28',0,'2017-12-28 13:51:33',1),
(293,73,1,NULL,0,NULL,10,'2017-12-28',0,NULL,0,NULL,NULL,NULL,NULL,NULL,'2017-12-28',0,'2017-12-28 13:52:33',1),
(294,74,1,NULL,0,NULL,2,'2017-09-04',32500,NULL,NULL,NULL,NULL,NULL,NULL,32500,'2017-09-04',0,'2017-09-04 20:04:39',1),
(295,74,1,NULL,0,NULL,1,'2017-09-04',0,NULL,NULL,NULL,NULL,NULL,NULL,NULL,'2017-09-04',0,'2017-09-04 03:58:14',1),
(296,74,1,NULL,0,NULL,10,'2017-09-04',0,NULL,0,NULL,NULL,NULL,NULL,NULL,'2017-09-04',0,'2017-09-04 19:30:09',1),
(297,74,1,NULL,0,NULL,10,'2017-10-04',"2,500","2,500",NULL,NULL,NULL,NULL,NULL,NULL,'2017-10-04',0,'2017-10-04 19:49:54',1),
(298,74,1,NULL,0,NULL,2,'2017-11-04',"2,500","2,500",NULL,NULL,NULL,NULL,NULL,NULL,'2017-11-04',0,'2017-11-04 12:56:30',1),
(299,74,1,NULL,0,NULL,2,'2017-12-04',"2,500","2,500",NULL,NULL,NULL,NULL,NULL,NULL,'2017-12-04',0,'2017-12-04 15:50:12',1),
(300,75,1,NULL,0,NULL,2,'2017-09-08',48800,NULL,NULL,NULL,NULL,NULL,NULL,48800,'2017-09-08',0,'2017-09-08 23:09:45',1),
(301,75,1,NULL,0,NULL,2,'2017-09-08',0,NULL,NULL,NULL,NULL,NULL,NULL,NULL,'2017-09-08',0,'2017-09-08 14:11:58',1),
(302,75,1,NULL,0,NULL,2,'2017-09-08',0,NULL,0,NULL,NULL,NULL,NULL,NULL,'2017-09-08',0,'2017-09-08 23:13:40',1),
(303,75,1,NULL,0,NULL,2,'2017-10-08',"3,800","3,800",NULL,NULL,NULL,NULL,NULL,"45,000",'2017-10-08',0,'2017-10-08 20:25:05',1),
(304,75,1,NULL,0,NULL,2,'2017-11-08',"3,800","3,800",NULL,NULL,NULL,NULL,NULL,"41,200",'2017-11-08',0,'2017-11-08 10:31:08',1),
(305,75,1,NULL,0,NULL,2,'2017-12-08',"3,800","3,800",NULL,NULL,NULL,NULL,NULL,"37,400",'2017-12-08',0,'2017-12-08 10:24:57',1),
(306,76,1,NULL,0,NULL,2,'2017-10-09',50000,NULL,NULL,NULL,NULL,NULL,NULL,50000,'2017-10-09',0,'2017-10-09 04:44:12',1),
(307,76,1,NULL,0,NULL,2,'2017-10-09',0,NULL,NULL,NULL,NULL,NULL,NULL,NULL,'2017-10-09',0,'2017-10-09 12:38:53',1),
(308,76,1,NULL,0,NULL,2,'2017-10-09',0,NULL,0,NULL,NULL,NULL,NULL,NULL,'2017-10-09',0,'2017-10-09 08:54:42',1),
(309,76,1,NULL,0,NULL,2,'2017-11-09',"3,900","3,900",NULL,NULL,NULL,NULL,NULL,"46,100",'2017-11-09',0,'2017-11-09 02:38:07',1),
(310,76,1,NULL,0,NULL,2,'2017-12-09',"4,200","4,200",NULL,NULL,NULL,NULL,NULL,"41,900",'2017-12-09',0,'2017-12-09 07:56:48',1),
(311,77,1,NULL,0,NULL,2,'2017-10-14',30000,NULL,NULL,NULL,NULL,NULL,NULL,30000,'2017-10-14',0,'2017-10-14 10:28:51',1),
(312,77,1,NULL,0,NULL,2,'2017-10-14',0,NULL,NULL,NULL,NULL,NULL,NULL,NULL,'2017-10-14',0,'2017-10-14 10:59:05',1),
(313,77,1,NULL,0,NULL,2,'2017-10-14',0,NULL,0,NULL,NULL,NULL,NULL,NULL,'2017-10-14',0,'2017-10-14 19:20:20',1),
(314,77,1,NULL,0,NULL,2,'2017-11-14',2500,2500,NULL,NULL,NULL,NULL,NULL,27500,'2017-11-14',0,'2017-11-14 07:07:10',1),
(315,77,1,NULL,0,NULL,2,'2017-12-14',2500,2500,NULL,NULL,NULL,NULL,NULL,25000,'2017-12-14',0,'2017-12-14 04:26:22',1),
(316,78,1,NULL,0,NULL,2,'2017-10-27',40000,NULL,NULL,NULL,NULL,NULL,NULL,45000,'2017-10-27',0,'2017-10-27 13:26:22',1),
(317,78,1,NULL,0,NULL,2,'2017-10-27',0,NULL,NULL,NULL,NULL,NULL,NULL,NULL,'2017-10-27',0,'2017-10-27 04:43:17',1),
(318,78,1,NULL,0,NULL,2,'2017-10-27',0,NULL,0,NULL,NULL,NULL,NULL,NULL,'2017-10-27',0,'2017-10-27 13:01:22',1),
(319,78,1,NULL,0,NULL,2,'2017-11-27',"3,800","3,800",NULL,NULL,NULL,NULL,NULL,"41,200",'2017-11-27',0,'2017-11-27 21:46:34',1),
(320,78,1,NULL,0,NULL,2,'2017-12-27',"3,800","3,800",NULL,NULL,NULL,NULL,NULL,"37,400",'2017-12-27',0,'2017-11-27 19:03:48',1),
(321,79,1,NULL,0,NULL,2,'2017-11-03',30000,NULL,NULL,NULL,NULL,NULL,NULL,30000,'2017-11-03',0,'2017-11-03 15:53:56',1),
(322,79,1,NULL,NULL,NULL,2,'2017-11-03',0,NULL,NULL,NULL,NULL,NULL,NULL,NULL,'2017-11-03',NULL,'2017-11-03 15:53:56',1),
(323,79,1,NULL,NULL,NULL,2,'2017-11-03',0,NULL,0,NULL,NULL,NULL,NULL,NULL,'2017-11-03',NULL,'2017-11-03 15:53:56',1),
(324,79,1,NULL,NULL,NULL,2,'2017-12-03',2500,2500,NULL,NULL,NULL,NULL,NULL,27500,'2017-12-03',NULL,'2017-12-03 15:53:56',1),
(325,80,1,NULL,0,NULL,2,'2017-12-09',20000,NULL,NULL,NULL,NULL,NULL,NULL,20000,'2017-12-09',0,'2017-12-09 05:24:11',1),
(326,80,1,NULL,0,NULL,2,'2017-12-09',0,NULL,NULL,NULL,NULL,NULL,NULL,NULL,'2017-12-09',0,'2017-12-09 05:24:11',1),
(327,80,1,NULL,0,NULL,2,'2017-12-09',0,NULL,0,NULL,NULL,NULL,NULL,NULL,'2017-12-09',0,'2017-12-09 05:24:11',1),
(328,81,1,NULL,0,NULL,2,'2017-12-14',20000,NULL,NULL,NULL,NULL,NULL,NULL,20000,'2017-12-14',0,'2017-12-14 03:32:08',1),
(329,81,1,NULL,0,NULL,2,'2017-12-14',0,NULL,NULL,NULL,NULL,NULL,NULL,NULL,'2017-12-14',0,'2017-12-14 02:45:38',1),
(330,81,1,NULL,0,NULL,2,'2017-12-14',0,NULL,0,NULL,NULL,NULL,NULL,NULL,'2017-12-14',0,'2017-12-14 17:04:06',1);